product_id,category,primary_materials,length_cm,width_cm,height_cm,weight_kg,region,season,complexity_score,labour_hours,artisan_hourly_wage_inr,raw_material_cost_inr,calculated_cost_floor_inr,historical_sale_price_inr
CRAFT-1000,Bamboo & cane,"Bamboo, Cane, Natural fibers",36.2,48.0,30.6,1.88,"Bastar, Chhattisgarh",Wedding,3,5,75,89.0,464,836
CRAFT-1001,Bamboo & cane,"Bamboo, Cane, Natural fibers",11.4,48.8,34.1,0.79,"Bastar, Chhattisgarh",Monsoon,2,2,60,95.46,215,300
CRAFT-1002,Terracotta clay,"Natural clay, Natural colors",19.1,25.7,31.6,1.81,"Kondagaon, Chhattisgarh",Festive,7,11,120,275.79,1596,2976
CRAFT-1003,Tribal handloom,"Cotton, Silk, Organic dyes",168.4,105.0,0.2,0.92,"Kondagaon, Chhattisgarh",Monsoon,9,37,60,1644.07,3864,6155
CRAFT-1004,Terracotta clay,"Natural clay, Natural colors",28.2,15.1,13.3,4.77,"Dumka, Jharkhand",Wedding,5,9,75,389.0,1064,2137
CRAFT-1005,Dokra bell metal,"Brass, Bell metal, Beeswax",22.1,11.6,13.7,2.23,"Bastar, Chhattisgarh",Festive,9,21,90,341.27,2231,5380
CRAFT-1006,Dokra bell metal,"Brass, Bell metal, Beeswax",11.5,14.9,19.4,2.32,"Mandla, Madhya Pradesh",Festive,9,49,60,956.05,3896,8562
CRAFT-1007,Tribal handloom,"Cotton, Silk, Organic dyes",113.3,63.7,0.1,0.69,"Bastar, Chhattisgarh",Wedding,9,76,90,1216.22,8056,17539
CRAFT-1008,Woodcraft & carving,"Teak wood, Sal wood, Natural polish",86.3,24.3,24.0,5.88,"Kondagaon, Chhattisgarh",Festive,4,24,90,340.92,2501,4797
CRAFT-1009,Bamboo & cane,"Bamboo, Cane, Natural fibers",10.4,42.6,29.7,2.24,"Kondagaon, Chhattisgarh",Festive,5,6,100,242.82,843,1549
CRAFT-1010,Dokra bell metal,"Brass, Bell metal, Beeswax",14.0,6.7,35.9,2.68,"Kondagaon, Chhattisgarh",Wedding,8,28,90,697.08,3217,6058
CRAFT-1011,Bamboo & cane,"Bamboo, Cane, Natural fibers",61.1,35.5,36.1,1.52,"Kondagaon, Chhattisgarh",Off-season,3,9,100,79.9,980,1436
CRAFT-1012,Dokra bell metal,"Brass, Bell metal, Beeswax",24.0,13.4,33.1,2.23,"Kondagaon, Chhattisgarh",Wedding,6,29,60,927.28,2667,5354
CRAFT-1013,Dokra bell metal,"Brass, Bell metal, Beeswax",12.9,12.6,37.2,1.37,"Dumka, Jharkhand",Wedding,6,28,120,792.46,4152,8720
CRAFT-1014,Dokra bell metal,"Brass, Bell metal, Beeswax",10.7,6.2,18.7,1.06,"Kondagaon, Chhattisgarh",Monsoon,9,56,100,1415.64,7016,14682
CRAFT-1015,Terracotta clay,"Natural clay, Natural colors",34.1,15.6,54.6,2.93,"Mandla, Madhya Pradesh",Off-season,4,13,120,338.38,1898,3249
CRAFT-1016,Tribal handloom,"Cotton, Silk, Organic dyes",147.7,57.7,0.2,0.81,"Dumka, Jharkhand",Wedding,6,28,120,2117.83,5478,11914
CRAFT-1017,Tribal handloom,"Cotton, Silk, Organic dyes",162.6,65.5,0.1,0.71,"Bastar, Chhattisgarh",Festive,5,29,75,2380.11,4555,8468
CRAFT-1018,Tribal handloom,"Cotton, Silk, Organic dyes",177.8,99.2,0.2,1.47,"Bastar, Chhattisgarh",Monsoon,8,58,100,2421.14,8221,12856
CRAFT-1019,Woodcraft & carving,"Teak wood, Sal wood, Natural polish",42.8,11.5,40.5,5.52,"Mandla, Madhya Pradesh",Festive,9,17,120,251.48,2291,4947
CRAFT-1020,Dokra bell metal,"Brass, Bell metal, Beeswax",27.7,8.6,14.3,2.21,"Mandla, Madhya Pradesh",Festive,8,42,75,1482.78,4633,10144
CRAFT-1021,Tribal handloom,"Cotton, Silk, Organic dyes",135.6,101.0,0.2,1.06,"Bastar, Chhattisgarh",Wedding,9,68,75,1730.41,6830,16146
CRAFT-1022,Woodcraft & carving,"Teak wood, Sal wood, Natural polish",27.2,43.4,26.0,2.68,"Bastar, Chhattisgarh",Wedding,9,42,120,240.78,5281,11219
CRAFT-1023,Terracotta clay,"Natural clay, Natural colors",29.4,15.2,44.5,2.24,"Kondagaon, Chhattisgarh",Wedding,4,5,120,379.75,980,1707
CRAFT-1024,Dokra bell metal,"Brass, Bell metal, Beeswax",13.5,6.7,37.7,3.57,"Dumka, Jharkhand",Festive,6,38,90,609.53,4030,8529
CRAFT-1025,Terracotta clay,"Natural clay, Natural colors",25.9,17.3,14.7,4.54,"Bastar, Chhattisgarh",Off-season,7,7,60,368.13,788,1513
CRAFT-1026,Tribal handloom,"Cotton, Silk, Organic dyes",150.9,74.4,0.4,1.38,"Bastar, Chhattisgarh",Off-season,6,62,100,2262.88,8463,14589
CRAFT-1027,Woodcraft & carving,"Teak wood, Sal wood, Natural polish",32.9,45.9,40.3,1.08,"Kondagaon, Chhattisgarh",Wedding,8,48,100,301.47,5101,11640
CRAFT-1028,Terracotta clay,"Natural clay, Natural colors",10.2,14.8,37.4,3.61,"Kondagaon, Chhattisgarh",Wedding,6,16,100,288.63,1889,3443
CRAFT-1029,Woodcraft & carving,"Teak wood, Sal wood, Natural polish",46.0,39.9,42.5,8.64,"Dumka, Jharkhand",Festive,5,24,60,857.61,2298,4721
CRAFT-1030,Dokra bell metal,"Brass, Bell metal, Beeswax",7.3,10.5,18.0,1.35,"Bastar, Chhattisgarh",Off-season,10,29,60,1467.61,3208,6206
CRAFT-1031,Bamboo & cane,"Bamboo, Cane, Natural fibers",65.6,30.1,25.2,1.58,"Bastar, Chhattisgarh",Off-season,2,2,90,98.81,279,433
CRAFT-1032,Bamboo & cane,"Bamboo, Cane, Natural fibers",29.7,11.0,27.6,0.7,"Kondagaon, Chhattisgarh",Wedding,7,9,75,285.11,960,2181
CRAFT-1033,Woodcraft & carving,"Teak wood, Sal wood, Natural polish",21.2,47.1,31.4,9.7,"Kondagaon, Chhattisgarh",Monsoon,5,40,100,1163.62,5164,9304
CRAFT-1034,Terracotta clay,"Natural clay, Natural colors",18.8,21.6,52.6,1.93,"Bastar, Chhattisgarh",Festive,8,18,90,134.24,1754,3909
CRAFT-1035,Tribal handloom,"Cotton, Silk, Organic dyes",185.5,56.8,0.3,1.49,"Dumka, Jharkhand",Monsoon,5,63,60,694.18,4474,7438
CRAFT-1036,Bamboo & cane,"Bamboo, Cane, Natural fibers",71.4,39.6,29.4,2.17,"Dumka, Jharkhand",Wedding,2,5,75,139.87,515,869
CRAFT-1037,Terracotta clay,"Natural clay, Natural colors",36.0,37.4,35.6,2.76,"Dumka, Jharkhand",Off-season,6,10,90,335.45,1235,2206
CRAFT-1038,Tribal handloom,"Cotton, Silk, Organic dyes",205.3,105.7,0.5,0.71,"Kondagaon, Chhattisgarh",Festive,8,71,120,1188.72,9709,19009
CRAFT-1039,Bamboo & cane,"Bamboo, Cane, Natural fibers",42.6,31.7,15.0,1.85,"Bastar, Chhattisgarh",Festive,2,14,75,57.63,1108,1732
CRAFT-1040,Terracotta clay,"Natural clay, Natural colors",34.7,20.8,16.4,2.85,"Dumka, Jharkhand",Monsoon,6,11,100,326.4,1426,2191
CRAFT-1041,Bamboo & cane,"Bamboo, Cane, Natural fibers",13.6,31.3,23.9,1.98,"Kondagaon, Chhattisgarh",Monsoon,2,8,90,231.52,952,1506
CRAFT-1042,Tribal handloom,"Cotton, Silk, Organic dyes",177.4,72.6,0.4,0.62,"Mandla, Madhya Pradesh",Monsoon,9,62,100,1321.84,7522,13311
CRAFT-1043,Terracotta clay,"Natural clay, Natural colors",22.3,15.2,17.8,1.63,"Kondagaon, Chhattisgarh",Wedding,4,6,120,255.75,976,1987
CRAFT-1044,Woodcraft & carving,"Teak wood, Sal wood, Natural polish",72.8,21.2,57.7,7.64,"Bastar, Chhattisgarh",Wedding,4,13,120,754.35,2314,4093
CRAFT-1045,Tribal handloom,"Cotton, Silk, Organic dyes",153.4,103.0,0.1,0.44,"Kondagaon, Chhattisgarh",Festive,9,25,75,496.61,2372,4754
CRAFT-1046,Bamboo & cane,"Bamboo, Cane, Natural fibers",69.9,38.1,21.6,0.47,"Bastar, Chhattisgarh",Off-season,5,3,120,172.9,533,850
CRAFT-1047,Terracotta clay,"Natural clay, Natural colors",22.0,28.5,41.8,0.7,"Bastar, Chhattisgarh",Festive,6,15,90,199.88,1550,3021
CRAFT-1048,Terracotta clay,"Natural clay, Natural colors",25.1,35.7,42.9,1.23,"Mandla, Madhya Pradesh",Off-season,5,17,75,102.58,1378,2310
CRAFT-1049,Dokra bell metal,"Brass, Bell metal, Beeswax",28.5,13.6,21.6,2.75,"Dumka, Jharkhand",Wedding,6,15,100,849.9,2350,4716
CRAFT-1050,Woodcraft & carving,"Teak wood, Sal wood, Natural polish",95.3,25.4,58.1,9.15,"Bastar, Chhattisgarh",Festive,8,23,120,395.79,3156,6387
CRAFT-1051,Dokra bell metal,"Brass, Bell metal, Beeswax",6.8,9.8,35.3,0.58,"Kondagaon, Chhattisgarh",Wedding,6,30,90,1277.36,3977,7474
CRAFT-1052,Dokra bell metal,"Brass, Bell metal, Beeswax",8.0,15.5,28.9,3.57,"Kondagaon, Chhattisgarh",Monsoon,10,60,90,1182.09,6582,13050
CRAFT-1053,Woodcraft & carving,"Teak wood, Sal wood, Natural polish",80.0,42.3,59.5,4.71,"Bastar, Chhattisgarh",Wedding,9,16,75,572.02,1772,4112
CRAFT-1054,Dokra bell metal,"Brass, Bell metal, Beeswax",13.5,19.0,35.8,2.0,"Bastar, Chhattisgarh",Festive,10,24,90,1201.05,3361,8804
CRAFT-1055,Dokra bell metal,"Brass, Bell metal, Beeswax",13.0,18.4,21.7,0.54,"Kondagaon, Chhattisgarh",Wedding,7,58,90,1386.46,6606,12789
CRAFT-1056,Woodcraft & carving,"Teak wood, Sal wood, Natural polish",45.5,48.0,57.5,6.16,"Dumka, Jharkhand",Wedding,4,15,100,831.84,2332,4103
CRAFT-1057,Dokra bell metal,"Brass, Bell metal, Beeswax",21.8,16.3,33.7,3.26,"Bastar, Chhattisgarh",Festive,8,23,90,409.45,2479,5081
CRAFT-1058,Terracotta clay,"Natural clay, Natural colors",11.7,26.5,32.1,4.49,"Dumka, Jharkhand",Monsoon,7,5,60,192.29,492,814
CRAFT-1059,Bamboo & cane,"Bamboo, Cane, Natural fibers",53.3,14.0,7.9,2.16,"Kondagaon, Chhattisgarh",Festive,4,11,120,68.19,1388,2688
CRAFT-1060,Terracotta clay,"Natural clay, Natural colors",31.2,12.4,14.2,4.94,"Dumka, Jharkhand",Off-season,3,14,90,199.77,1460,2050
CRAFT-1061,Bamboo & cane,"Bamboo, Cane, Natural fibers",64.4,32.3,19.8,2.74,"Mandla, Madhya Pradesh",Off-season,7,5,60,77.8,378,655
CRAFT-1062,Dokra bell metal,"Brass, Bell metal, Beeswax",5.3,12.0,11.7,0.92,"Dumka, Jharkhand",Off-season,7,25,75,441.03,2316,4295
CRAFT-1063,Tribal handloom,"Cotton, Silk, Organic dyes",244.3,76.2,0.2,1.34,"Bastar, Chhattisgarh",Off-season,7,70,100,869.55,7870,16248
CRAFT-1064,Terracotta clay,"Natural clay, Natural colors",10.4,39.1,12.2,4.51,"Mandla, Madhya Pradesh",Off-season,8,8,100,248.86,1049,2107
CRAFT-1065,Bamboo & cane,"Bamboo, Cane, Natural fibers",77.9,30.9,27.0,2.15,"Dumka, Jharkhand",Off-season,3,15,100,163.64,1664,2452
CRAFT-1066,Dokra bell metal,"Brass, Bell metal, Beeswax",19.6,18.5,11.4,1.48,"Mandla, Madhya Pradesh",Off-season,7,16,75,1440.49,2640,5543
CRAFT-1067,Tribal handloom,"Cotton, Silk, Organic dyes",141.6,63.2,0.3,0.72,"Mandla, Madhya Pradesh",Wedding,5,69,90,1625.68,7836,13424
CRAFT-1068,Dokra bell metal,"Brass, Bell metal, Beeswax",29.4,19.8,30.9,2.38,"Dumka, Jharkhand",Wedding,6,22,90,671.43,2651,5458
CRAFT-1069,Terracotta clay,"Natural clay, Natural colors",37.3,34.7,57.5,3.77,"Mandla, Madhya Pradesh",Festive,3,18,90,276.29,1896,3428
CRAFT-1070,Dokra bell metal,"Brass, Bell metal, Beeswax",28.3,18.0,11.4,0.59,"Dumka, Jharkhand",Festive,9,51,75,751.76,4577,10054
CRAFT-1071,Dokra bell metal,"Brass, Bell metal, Beeswax",29.2,17.6,35.1,2.14,"Bastar, Chhattisgarh",Monsoon,6,48,120,797.78,6558,11296
CRAFT-1072,Terracotta clay,"Natural clay, Natural colors",11.7,35.9,50.6,5.0,"Mandla, Madhya Pradesh",Monsoon,3,15,120,398.92,2199,3249
CRAFT-1073,Dokra bell metal,"Brass, Bell metal, Beeswax",16.3,6.9,38.6,2.62,"Bastar, Chhattisgarh",Wedding,10,34,100,574.37,3974,9919
CRAFT-1074,Dokra bell metal,"Brass, Bell metal, Beeswax",20.5,10.4,13.4,2.85,"Dumka, Jharkhand",Wedding,10,23,75,924.37,2649,6922
CRAFT-1075,Tribal handloom,"Cotton, Silk, Organic dyes",182.8,89.3,0.5,0.78,"Dumka, Jharkhand",Off-season,9,56,90,681.43,5721,9801
CRAFT-1076,Tribal handloom,"Cotton, Silk, Organic dyes",213.3,93.4,0.4,0.56,"Bastar, Chhattisgarh",Wedding,7,33,100,686.38,3986,7981
CRAFT-1077,Woodcraft & carving,"Teak wood, Sal wood, Natural polish",51.4,27.5,55.2,4.13,"Mandla, Madhya Pradesh",Monsoon,7,38,75,713.99,3564,6029
CRAFT-1078,Woodcraft & carving,"Teak wood, Sal wood, Natural polish",51.7,34.9,53.1,9.55,"Dumka, Jharkhand",Off-season,9,15,90,347.07,1697,3176
CRAFT-1079,Woodcraft & carving,"Teak wood, Sal wood, Natural polish",56.7,49.2,34.6,3.96,"Mandla, Madhya Pradesh",Festive,5,29,75,833.4,3008,5546
CRAFT-1080,Terracotta clay,"Natural clay, Natural colors",12.3,13.9,16.4,1.18,"Kondagaon, Chhattisgarh",Festive,3,12,100,124.42,1324,2380
CRAFT-1081,Woodcraft & carving,"Teak wood, Sal wood, Natural polish",91.7,29.0,43.4,2.55,"Bastar, Chhattisgarh",Monsoon,7,50,120,392.29,6392,9648
CRAFT-1082,Terracotta clay,"Natural clay, Natural colors",15.1,18.4,18.9,0.9,"Dumka, Jharkhand",Monsoon,6,12,75,118.6,1019,1661
CRAFT-1083,Bamboo & cane,"Bamboo, Cane, Natural fibers",45.2,37.6,6.4,2.44,"Bastar, Chhattisgarh",Monsoon,3,4,120,206.98,687,885
CRAFT-1084,Tribal handloom,"Cotton, Silk, Organic dyes",231.0,114.5,0.1,0.63,"Bastar, Chhattisgarh",Off-season,5,49,75,2093.02,5768,9577
CRAFT-1085,Tribal handloom,"Cotton, Silk, Organic dyes",155.6,83.9,0.3,0.74,"Mandla, Madhya Pradesh",Monsoon,9,72,120,1371.32,10011,19235
CRAFT-1086,Tribal handloom,"Cotton, Silk, Organic dyes",105.5,67.7,0.4,1.37,"Dumka, Jharkhand",Off-season,8,48,90,1474.52,5795,10546
CRAFT-1087,Terracotta clay,"Natural clay, Natural colors",26.0,17.3,23.5,2.2,"Mandla, Madhya Pradesh",Monsoon,8,12,90,86.42,1166,1949
CRAFT-1088,Tribal handloom,"Cotton, Silk, Organic dyes",131.7,72.9,0.1,1.37,"Bastar, Chhattisgarh",Wedding,6,37,90,1646.54,4977,10450
CRAFT-1089,Dokra bell metal,"Brass, Bell metal, Beeswax",7.2,13.1,27.6,3.11,"Bastar, Chhattisgarh",Off-season,7,29,100,817.99,3718,6486
CRAFT-1090,Terracotta clay,"Natural clay, Natural colors",18.5,20.9,42.3,3.07,"Kondagaon, Chhattisgarh",Festive,6,18,90,193.95,1814,3755
CRAFT-1091,Woodcraft & carving,"Teak wood, Sal wood, Natural polish",28.1,16.1,22.3,2.45,"Dumka, Jharkhand",Monsoon,4,23,100,386.57,2687,4124
CRAFT-1092,Tribal handloom,"Cotton, Silk, Organic dyes",126.0,112.8,0.1,0.93,"Bastar, Chhattisgarh",Monsoon,8,20,90,1261.83,3062,6037
CRAFT-1093,Dokra bell metal,"Brass, Bell metal, Beeswax",29.2,18.0,34.5,1.4,"Dumka, Jharkhand",Monsoon,10,49,120,505.07,6385,12287
CRAFT-1094,Terracotta clay,"Natural clay, Natural colors",37.9,26.7,38.6,1.76,"Dumka, Jharkhand",Off-season,5,18,100,326.24,2126,3115
CRAFT-1095,Bamboo & cane,"Bamboo, Cane, Natural fibers",45.5,19.7,9.0,1.91,"Dumka, Jharkhand",Wedding,7,12,100,122.16,1322,2575
CRAFT-1096,Terracotta clay,"Natural clay, Natural colors",14.6,24.4,36.6,0.73,"Dumka, Jharkhand",Off-season,7,5,100,187.71,688,1175
CRAFT-1097,Woodcraft & carving,"Teak wood, Sal wood, Natural polish",40.4,37.3,48.0,6.36,"Bastar, Chhattisgarh",Festive,9,37,75,671.58,3447,7438
CRAFT-1098,Tribal handloom,"Cotton, Silk, Organic dyes",152.3,115.1,0.4,1.46,"Kondagaon, Chhattisgarh",Festive,7,44,90,661.02,4621,10225
CRAFT-1099,Terracotta clay,"Natural clay, Natural colors",27.2,35.3,17.0,4.08,"Dumka, Jharkhand",Wedding,5,17,90,144.52,1675,3022
CRAFT-1100,Tribal handloom,"Cotton, Silk, Organic dyes",124.6,107.0,0.4,0.93,"Mandla, Madhya Pradesh",Festive,8,21,120,1153.54,3674,9146
CRAFT-1101,Bamboo & cane,"Bamboo, Cane, Natural fibers",40.7,25.1,21.2,1.04,"Mandla, Madhya Pradesh",Off-season,7,3,60,236.9,417,717
CRAFT-1102,Bamboo & cane,"Bamboo, Cane, Natural fibers",26.3,46.0,18.4,1.72,"Kondagaon, Chhattisgarh",Off-season,2,11,75,276.62,1102,1495
CRAFT-1103,Terracotta clay,"Natural clay, Natural colors",14.2,33.8,41.0,2.9,"Kondagaon, Chhattisgarh",Monsoon,8,8,120,366.05,1326,2699
CRAFT-1104,Terracotta clay,"Natural clay, Natural colors",14.6,19.4,22.4,3.85,"Dumka, Jharkhand",Wedding,5,10,120,90.73,1291,2613
CRAFT-1105,Woodcraft & carving,"Teak wood, Sal wood, Natural polish",47.4,42.9,15.5,8.62,"Bastar, Chhattisgarh",Off-season,6,16,120,327.49,2247,3782
CRAFT-1106,Bamboo & cane,"Bamboo, Cane, Natural fibers",65.8,16.0,13.0,2.22,"Mandla, Madhya Pradesh",Monsoon,5,13,75,230.01,1205,2055
CRAFT-1107,Bamboo & cane,"Bamboo, Cane, Natural fibers",27.6,23.8,11.4,2.74,"Kondagaon, Chhattisgarh",Festive,7,14,90,195.85,1456,3287
CRAFT-1108,Woodcraft & carving,"Teak wood, Sal wood, Natural polish",57.0,47.9,17.7,6.28,"Bastar, Chhattisgarh",Festive,6,44,100,705.89,5106,10644
CRAFT-1109,Dokra bell metal,"Brass, Bell metal, Beeswax",22.4,18.8,31.2,1.03,"Bastar, Chhattisgarh",Wedding,6,41,100,991.55,5092,10929
CRAFT-1110,Bamboo & cane,"Bamboo, Cane, Natural fibers",39.7,39.5,37.7,2.79,"Dumka, Jharkhand",Wedding,7,15,100,162.71,1663,3240
CRAFT-1111,Terracotta clay,"Natural clay, Natural colors",27.7,22.0,12.7,2.01,"Dumka, Jharkhand",Off-season,8,13,120,336.91,1897,3280
CRAFT-1112,Woodcraft & carving,"Teak wood, Sal wood, Natural polish",46.7,25.9,36.9,9.28,"Dumka, Jharkhand",Monsoon,7,47,90,546.35,4776,7990
CRAFT-1113,Dokra bell metal,"Brass, Bell metal, Beeswax",10.6,11.8,14.2,1.12,"Kondagaon, Chhattisgarh",Festive,8,43,75,898.04,4123,9598
CRAFT-1114,Tribal handloom,"Cotton, Silk, Organic dyes",237.2,75.4,0.3,1.06,"Dumka, Jharkhand",Wedding,5,51,90,427.5,5018,9968
CRAFT-1115,Terracotta clay,"Natural clay, Natural colors",12.6,39.9,35.1,3.18,"Dumka, Jharkhand",Off-season,5,13,90,101.46,1271,2049
CRAFT-1116,Dokra bell metal,"Brass, Bell metal, Beeswax",10.2,18.5,16.2,1.17,"Mandla, Madhya Pradesh",Festive,10,27,60,343.86,1964,4407
CRAFT-1117,Terracotta clay,"Natural clay, Natural colors",33.3,23.6,36.2,2.48,"Dumka, Jharkhand",Monsoon,7,12,100,208.24,1408,2514
CRAFT-1118,Tribal handloom,"Cotton, Silk, Organic dyes",123.3,62.7,0.4,1.44,"Dumka, Jharkhand",Festive,5,38,75,1183.95,4034,7089
CRAFT-1119,Tribal handloom,"Cotton, Silk, Organic dyes",103.8,60.9,0.4,1.09,"Kondagaon, Chhattisgarh",Wedding,9,43,100,456.9,4757,11052
CRAFT-1120,Woodcraft & carving,"Teak wood, Sal wood, Natural polish",38.5,36.9,11.0,1.94,"Mandla, Madhya Pradesh",Monsoon,9,45,90,999.92,5050,8363
CRAFT-1121,Dokra bell metal,"Brass, Bell metal, Beeswax",7.5,8.6,31.7,3.49,"Dumka, Jharkhand",Wedding,8,31,75,1296.26,3621,8022
CRAFT-1122,Bamboo & cane,"Bamboo, Cane, Natural fibers",56.8,18.2,15.3,2.71,"Kondagaon, Chhattisgarh",Wedding,2,13,120,53.25,1613,2580
CRAFT-1123,Terracotta clay,"Natural clay, Natural colors",22.6,36.8,50.9,2.04,"Kondagaon, Chhattisgarh",Off-season,8,20,90,163.02,1963,3269
CRAFT-1124,Woodcraft & carving,"Teak wood, Sal wood, Natural polish",67.2,20.7,41.2,4.68,"Mandla, Madhya Pradesh",Festive,5,28,75,752.05,2852,5548
CRAFT-1125,Dokra bell metal,"Brass, Bell metal, Beeswax",24.1,7.1,36.1,2.21,"Kondagaon, Chhattisgarh",Wedding,6,60,120,1373.46,8573,18341
CRAFT-1126,Terracotta clay,"Natural clay, Natural colors",22.8,10.7,23.4,2.94,"Mandla, Madhya Pradesh",Festive,3,14,75,282.71,1333,2294
CRAFT-1127,Tribal handloom,"Cotton, Silk, Organic dyes",247.7,86.8,0.2,0.63,"Bastar, Chhattisgarh",Festive,9,38,100,438.62,4239,10286
CRAFT-1128,Tribal handloom,"Cotton, Silk, Organic dyes",117.7,90.4,0.2,0.97,"Dumka, Jharkhand",Wedding,6,23,90,1767.98,3838,8403
CRAFT-1129,Tribal handloom,"Cotton, Silk, Organic dyes",190.1,96.6,0.2,1.4,"Bastar, Chhattisgarh",Festive,8,51,60,1279.42,4339,9711
CRAFT-1130,Woodcraft & carving,"Teak wood, Sal wood, Natural polish",61.5,11.9,18.3,7.64,"Bastar, Chhattisgarh",Off-season,5,46,90,282.8,4423,7111
CRAFT-1131,Bamboo & cane,"Bamboo, Cane, Natural fibers",30.2,24.2,30.2,1.03,"Kondagaon, Chhattisgarh",Festive,6,14,100,191.6,1592,2986
CRAFT-1132,Woodcraft & carving,"Teak wood, Sal wood, Natural polish",73.1,47.5,46.6,2.93,"Kondagaon, Chhattisgarh",Monsoon,7,38,90,231.18,3651,5927
CRAFT-1133,Woodcraft & carving,"Teak wood, Sal wood, Natural polish",59.7,33.9,26.7,7.94,"Dumka, Jharkhand",Wedding,8,49,60,306.6,3247,6528
CRAFT-1134,Woodcraft & carving,"Teak wood, Sal wood, Natural polish",78.3,29.8,44.4,4.91,"Bastar, Chhattisgarh",Off-season,9,23,90,446.4,2516,5206
CRAFT-1135,Bamboo & cane,"Bamboo, Cane, Natural fibers",29.1,33.6,17.6,0.46,"Kondagaon, Chhattisgarh",Off-season,3,10,60,279.33,879,1278
CRAFT-1136,Terracotta clay,"Natural clay, Natural colors",38.5,23.4,19.3,2.94,"Bastar, Chhattisgarh",Monsoon,6,20,90,359.34,2159,3926
CRAFT-1137,Bamboo & cane,"Bamboo, Cane, Natural fibers",58.5,44.0,13.7,1.57,"Kondagaon, Chhattisgarh",Wedding,7,6,100,105.3,705,1718
CRAFT-1138,Bamboo & cane,"Bamboo, Cane, Natural fibers",76.1,11.6,29.7,2.79,"Kondagaon, Chhattisgarh",Wedding,7,11,75,95.14,920,1858
CRAFT-1139,Tribal handloom,"Cotton, Silk, Organic dyes",238.7,118.0,0.5,0.87,"Bastar, Chhattisgarh",Off-season,6,78,90,2210.29,9230,17552
CRAFT-1140,Terracotta clay,"Natural clay, Natural colors",19.6,34.9,11.9,3.18,"Bastar, Chhattisgarh",Festive,4,14,120,153.6,1834,3207
CRAFT-1141,Woodcraft & carving,"Teak wood, Sal wood, Natural polish",47.2,39.0,13.3,3.84,"Mandla, Madhya Pradesh",Monsoon,4,39,90,739.49,4249,6847
CRAFT-1142,Tribal handloom,"Cotton, Silk, Organic dyes",147.8,93.8,0.5,1.04,"Mandla, Madhya Pradesh",Monsoon,8,25,120,889.21,3889,6431
CRAFT-1143,Bamboo & cane,"Bamboo, Cane, Natural fibers",75.7,42.0,39.9,1.18,"Dumka, Jharkhand",Wedding,6,6,60,241.8,602,1261
CRAFT-1144,Bamboo & cane,"Bamboo, Cane, Natural fibers",43.6,35.1,35.6,2.96,"Kondagaon, Chhattisgarh",Festive,7,15,90,242.07,1592,3558
CRAFT-1145,Woodcraft & carving,"Teak wood, Sal wood, Natural polish",39.1,14.4,27.7,3.59,"Bastar, Chhattisgarh",Off-season,7,43,100,496.31,4796,7761
CRAFT-1146,Dokra bell metal,"Brass, Bell metal, Beeswax",6.1,5.3,39.6,2.0,"Kondagaon, Chhattisgarh",Monsoon,9,20,100,761.19,2761,5657
CRAFT-1147,Dokra bell metal,"Brass, Bell metal, Beeswax",28.6,12.0,28.4,1.08,"Dumka, Jharkhand",Wedding,8,57,60,1489.4,4909,10038
CRAFT-1148,Terracotta clay,"Natural clay, Natural colors",38.3,29.5,40.4,2.81,"Mandla, Madhya Pradesh",Monsoon,8,20,90,153.81,1954,3222
CRAFT-1149,Tribal handloom,"Cotton, Silk, Organic dyes",216.9,74.5,0.1,1.46,"Bastar, Chhattisgarh",Monsoon,5,40,90,2255.95,5856,10043
CRAFT-1150,Dokra bell metal,"Brass, Bell metal, Beeswax",29.9,7.6,21.9,3.15,"Bastar, Chhattisgarh",Monsoon,10,15,120,1135.22,2935,5180
CRAFT-1151,Tribal handloom,"Cotton, Silk, Organic dyes",133.6,87.6,0.3,1.0,"Dumka, Jharkhand",Festive,6,53,90,592.12,5362,12065
CRAFT-1152,Woodcraft & carving,"Teak wood, Sal wood, Natural polish",41.2,15.2,54.4,9.6,"Dumka, Jharkhand",Monsoon,4,23,90,1062.13,3132,5360
CRAFT-1153,Woodcraft & carving,"Teak wood, Sal wood, Natural polish",27.0,26.3,28.6,3.34,"Kondagaon, Chhattisgarh",Wedding,7,41,60,923.42,3383,7836
CRAFT-1154,Bamboo & cane,"Bamboo, Cane, Natural fibers",15.7,18.8,28.9,0.41,"Kondagaon, Chhattisgarh",Off-season,4,10,60,262.8,863,1515
CRAFT-1155,Woodcraft & carving,"Teak wood, Sal wood, Natural polish",86.0,23.9,43.9,6.09,"Dumka, Jharkhand",Festive,5,17,100,467.03,2167,4425
CRAFT-1156,Bamboo & cane,"Bamboo, Cane, Natural fibers",65.8,36.3,34.8,2.63,"Kondagaon, Chhattisgarh",Monsoon,7,6,120,227.09,947,1869
CRAFT-1157,Dokra bell metal,"Brass, Bell metal, Beeswax",20.5,16.3,14.8,3.58,"Dumka, Jharkhand",Monsoon,9,30,100,1346.21,4346,7855
CRAFT-1158,Woodcraft & carving,"Teak wood, Sal wood, Natural polish",86.1,15.2,26.8,7.69,"Kondagaon, Chhattisgarh",Monsoon,5,48,120,360.76,6121,10594
CRAFT-1159,Terracotta clay,"Natural clay, Natural colors",10.2,18.6,40.8,4.92,"Bastar, Chhattisgarh",Wedding,6,15,120,282.18,2082,4277
CRAFT-1160,Dokra bell metal,"Brass, Bell metal, Beeswax",20.9,13.1,33.4,0.87,"Bastar, Chhattisgarh",Wedding,8,52,120,1213.23,7453,16334
CRAFT-1161,Tribal handloom,"Cotton, Silk, Organic dyes",194.9,115.2,0.1,1.42,"Kondagaon, Chhattisgarh",Monsoon,9,50,90,1844.56,6345,11078
CRAFT-1162,Dokra bell metal,"Brass, Bell metal, Beeswax",12.5,15.6,12.0,2.54,"Dumka, Jharkhand",Monsoon,8,27,75,715.06,2740,4965
CRAFT-1163,Woodcraft & carving,"Teak wood, Sal wood, Natural polish",80.7,11.0,11.1,3.91,"Dumka, Jharkhand",Off-season,7,12,90,688.64,1769,3334
CRAFT-1164,Tribal handloom,"Cotton, Silk, Organic dyes",202.5,81.2,0.2,1.5,"Dumka, Jharkhand",Monsoon,6,51,60,1294.98,4355,7448
CRAFT-1165,Terracotta clay,"Natural clay, Natural colors",30.8,16.6,14.1,3.56,"Mandla, Madhya Pradesh",Festive,6,8,120,289.44,1249,2358
CRAFT-1166,Tribal handloom,"Cotton, Silk, Organic dyes",242.6,60.6,0.3,1.43,"Bastar, Chhattisgarh",Off-season,8,75,75,1281.43,6906,11933
CRAFT-1167,Bamboo & cane,"Bamboo, Cane, Natural fibers",78.9,26.4,36.3,0.84,"Dumka, Jharkhand",Wedding,4,11,100,103.28,1203,1970
CRAFT-1168,Bamboo & cane,"Bamboo, Cane, Natural fibers",55.6,24.7,35.3,1.52,"Mandla, Madhya Pradesh",Monsoon,4,12,100,292.05,1492,2218
CRAFT-1169,Woodcraft & carving,"Teak wood, Sal wood, Natural polish",81.7,43.8,48.1,6.64,"Bastar, Chhattisgarh",Festive,5,50,90,331.24,4831,8735
CRAFT-1170,Terracotta clay,"Natural clay, Natural colors",37.6,28.5,49.8,2.67,"Bastar, Chhattisgarh",Monsoon,3,8,100,117.54,918,1226
CRAFT-1171,Terracotta clay,"Natural clay, Natural colors",16.0,24.7,13.2,3.12,"Mandla, Madhya Pradesh",Festive,3,15,60,166.08,1066,2208
CRAFT-1172,Dokra bell metal,"Brass, Bell metal, Beeswax",12.8,11.8,10.3,0.75,"Mandla, Madhya Pradesh",Wedding,9,24,75,770.99,2571,5333
CRAFT-1173,Woodcraft & carving,"Teak wood, Sal wood, Natural polish",75.6,44.4,49.0,1.36,"Dumka, Jharkhand",Off-season,5,21,60,680.51,1941,3014
CRAFT-1174,Woodcraft & carving,"Teak wood, Sal wood, Natural polish",39.4,49.5,17.1,5.49,"Dumka, Jharkhand",Off-season,7,47,75,818.16,4343,7843
CRAFT-1175,Terracotta clay,"Natural clay, Natural colors",19.8,25.5,14.4,2.08,"Dumka, Jharkhand",Wedding,6,13,60,90.62,871,1619
CRAFT-1176,Tribal handloom,"Cotton, Silk, Organic dyes",159.5,59.3,0.3,1.13,"Mandla, Madhya Pradesh",Off-season,5,48,90,2081.23,6401,10462
CRAFT-1177,Woodcraft & carving,"Teak wood, Sal wood, Natural polish",22.5,47.4,12.6,5.87,"Mandla, Madhya Pradesh",Monsoon,9,26,100,909.06,3509,7433
CRAFT-1178,Dokra bell metal,"Brass, Bell metal, Beeswax",22.9,17.0,20.2,3.35,"Kondagaon, Chhattisgarh",Monsoon,9,21,75,396.14,1971,4273
CRAFT-1179,Tribal handloom,"Cotton, Silk, Organic dyes",167.8,95.1,0.3,1.18,"Mandla, Madhya Pradesh",Wedding,7,21,100,571.42,2671,5182
CRAFT-1180,Dokra bell metal,"Brass, Bell metal, Beeswax",11.2,7.4,36.2,1.27,"Bastar, Chhattisgarh",Festive,10,46,90,1471.04,5611,13034
CRAFT-1181,Terracotta clay,"Natural clay, Natural colors",29.8,24.9,37.8,3.74,"Mandla, Madhya Pradesh",Off-season,8,11,120,153.11,1473,2862
CRAFT-1182,Dokra bell metal,"Brass, Bell metal, Beeswax",29.4,14.8,16.0,2.88,"Kondagaon, Chhattisgarh",Festive,6,34,100,386.64,3787,6868
CRAFT-1183,Bamboo & cane,"Bamboo, Cane, Natural fibers",70.8,39.1,31.0,1.39,"Mandla, Madhya Pradesh",Off-season,2,6,90,136.48,676,863
CRAFT-1184,Tribal handloom,"Cotton, Silk, Organic dyes",248.1,52.8,0.4,0.99,"Kondagaon, Chhattisgarh",Off-season,6,70,120,1321.09,9721,18095
CRAFT-1185,Dokra bell metal,"Brass, Bell metal, Beeswax",27.5,11.3,18.3,2.57,"Mandla, Madhya Pradesh",Off-season,8,45,90,1394.84,5445,9318
CRAFT-1186,Dokra bell metal,"Brass, Bell metal, Beeswax",20.6,14.5,32.0,0.96,"Bastar, Chhattisgarh",Monsoon,6,24,75,1158.99,2959,5261
CRAFT-1187,Tribal handloom,"Cotton, Silk, Organic dyes",245.7,62.7,0.4,0.89,"Mandla, Madhya Pradesh",Festive,8,20,90,919.19,2719,6165
CRAFT-1188,Woodcraft & carving,"Teak wood, Sal wood, Natural polish",55.6,30.6,28.0,6.34,"Bastar, Chhattisgarh",Monsoon,6,26,120,363.52,3484,5386
CRAFT-1189,Tribal handloom,"Cotton, Silk, Organic dyes",216.0,59.2,0.5,0.84,"Mandla, Madhya Pradesh",Festive,6,50,60,895.71,3896,7646
CRAFT-1190,Woodcraft & carving,"Teak wood, Sal wood, Natural polish",33.6,30.8,26.9,8.46,"Mandla, Madhya Pradesh",Off-season,9,14,100,630.89,2031,3909
CRAFT-1191,Dokra bell metal,"Brass, Bell metal, Beeswax",9.2,7.5,11.1,3.08,"Dumka, Jharkhand",Festive,7,17,60,1096.57,2117,4624
CRAFT-1192,Dokra bell metal,"Brass, Bell metal, Beeswax",26.1,17.1,27.6,3.54,"Dumka, Jharkhand",Festive,6,30,120,547.01,4147,7729
CRAFT-1193,Terracotta clay,"Natural clay, Natural colors",25.9,38.1,12.0,1.05,"Dumka, Jharkhand",Monsoon,5,18,120,224.7,2385,4203
CRAFT-1194,Terracotta clay,"Natural clay, Natural colors",19.5,25.2,12.1,1.17,"Dumka, Jharkhand",Festive,6,18,90,395.72,2016,4673
CRAFT-1195,Bamboo & cane,"Bamboo, Cane, Natural fibers",41.8,30.6,22.1,2.07,"Mandla, Madhya Pradesh",Off-season,5,9,75,84.91,760,1138
CRAFT-1196,Dokra bell metal,"Brass, Bell metal, Beeswax",12.7,15.6,16.1,2.86,"Bastar, Chhattisgarh",Wedding,10,56,90,1463.89,6504,13547
CRAFT-1197,Bamboo & cane,"Bamboo, Cane, Natural fibers",70.8,17.1,29.2,2.55,"Dumka, Jharkhand",Wedding,3,3,100,286.15,586,1194
CRAFT-1198,Bamboo & cane,"Bamboo, Cane, Natural fibers",44.8,34.7,35.4,1.8,"Kondagaon, Chhattisgarh",Festive,2,14,90,57.6,1318,2592
CRAFT-1199,Terracotta clay,"Natural clay, Natural colors",16.5,29.8,29.7,3.43,"Kondagaon, Chhattisgarh",Off-season,3,11,120,114.11,1434,2343
CRAFT-1200,Terracotta clay,"Natural clay, Natural colors",40.0,11.4,58.9,2.33,"Kondagaon, Chhattisgarh",Wedding,4,5,90,358.64,809,1728
CRAFT-1201,Terracotta clay,"Natural clay, Natural colors",36.4,22.1,26.4,3.5,"Kondagaon, Chhattisgarh",Wedding,4,8,60,338.51,819,1650
CRAFT-1202,Terracotta clay,"Natural clay, Natural colors",33.9,23.1,50.9,1.04,"Bastar, Chhattisgarh",Wedding,4,15,60,254.24,1154,1840
CRAFT-1203,Terracotta clay,"Natural clay, Natural colors",21.9,30.9,29.4,2.52,"Mandla, Madhya Pradesh",Festive,4,18,120,156.01,2316,3922
CRAFT-1204,Bamboo & cane,"Bamboo, Cane, Natural fibers",25.9,12.9,26.1,2.07,"Bastar, Chhattisgarh",Monsoon,5,14,90,204.87,1465,2479
CRAFT-1205,Woodcraft & carving,"Teak wood, Sal wood, Natural polish",61.5,29.2,11.3,4.07,"Bastar, Chhattisgarh",Monsoon,8,24,120,580.2,3460,6070
CRAFT-1206,Bamboo & cane,"Bamboo, Cane, Natural fibers",50.6,31.3,26.3,2.34,"Mandla, Madhya Pradesh",Monsoon,7,2,60,253.25,373,710
CRAFT-1207,Tribal handloom,"Cotton, Silk, Organic dyes",136.5,114.9,0.1,1.42,"Dumka, Jharkhand",Monsoon,5,51,100,1138.41,6238,9460
CRAFT-1208,Bamboo & cane,"Bamboo, Cane, Natural fibers",44.0,20.3,15.0,1.06,"Bastar, Chhattisgarh",Wedding,6,4,60,250.76,491,1049
CRAFT-1209,Terracotta clay,"Natural clay, Natural colors",31.5,18.2,30.7,1.05,"Mandla, Madhya Pradesh",Wedding,6,14,100,137.97,1538,2978
CRAFT-1210,Woodcraft & carving,"Teak wood, Sal wood, Natural polish",34.5,31.0,45.5,1.96,"Dumka, Jharkhand",Festive,9,17,120,767.31,2807,6035
CRAFT-1211,Terracotta clay,"Natural clay, Natural colors",34.2,26.5,12.2,3.35,"Dumka, Jharkhand",Monsoon,4,18,90,384.45,2004,3278
CRAFT-1212,Tribal handloom,"Cotton, Silk, Organic dyes",222.9,111.9,0.2,0.55,"Dumka, Jharkhand",Monsoon,5,40,100,1683.06,5683,8507
CRAFT-1213,Dokra bell metal,"Brass, Bell metal, Beeswax",24.5,9.1,34.7,1.98,"Mandla, Madhya Pradesh",Wedding,7,58,100,1101.06,6901,12895
CRAFT-1214,Bamboo & cane,"Bamboo, Cane, Natural fibers",53.7,28.1,25.5,0.67,"Bastar, Chhattisgarh",Festive,2,8,60,234.22,714,1303
CRAFT-1215,Dokra bell metal,"Brass, Bell metal, Beeswax",5.6,14.6,28.2,2.41,"Kondagaon, Chhattisgarh",Festive,10,50,120,578.34,6578,14959
CRAFT-1216,Dokra bell metal,"Brass, Bell metal, Beeswax",19.9,12.5,39.6,0.98,"Bastar, Chhattisgarh",Monsoon,8,57,100,1134.17,6834,13223
CRAFT-1217,Bamboo & cane,"Bamboo, Cane, Natural fibers",58.5,49.7,9.5,0.49,"Mandla, Madhya Pradesh",Wedding,4,3,120,231.08,591,1093
CRAFT-1218,Woodcraft & carving,"Teak wood, Sal wood, Natural polish",41.9,13.2,14.3,9.05,"Kondagaon, Chhattisgarh",Off-season,9,40,75,391.87,3392,5968
CRAFT-1219,Bamboo & cane,"Bamboo, Cane, Natural fibers",14.9,30.8,7.4,2.44,"Mandla, Madhya Pradesh",Wedding,2,14,90,108.43,1368,2222
CRAFT-1220,Woodcraft & carving,"Teak wood, Sal wood, Natural polish",90.4,36.0,36.6,3.92,"Kondagaon, Chhattisgarh",Monsoon,8,49,120,533.0,6413,13076
CRAFT-1221,Woodcraft & carving,"Teak wood, Sal wood, Natural polish",57.2,12.4,38.1,9.62,"Bastar, Chhattisgarh",Wedding,4,21,90,375.3,2265,4494
CRAFT-1222,Dokra bell metal,"Brass, Bell metal, Beeswax",10.0,13.0,12.9,2.08,"Mandla, Madhya Pradesh",Wedding,6,26,75,1207.4,3157,6547
CRAFT-1223,Woodcraft & carving,"Teak wood, Sal wood, Natural polish",94.2,19.4,30.0,2.37,"Dumka, Jharkhand",Festive,5,50,60,1192.48,4192,9144
CRAFT-1224,Bamboo & cane,"Bamboo, Cane, Natural fibers",47.8,43.7,23.2,1.95,"Kondagaon, Chhattisgarh",Monsoon,5,9,90,72.28,882,1517
CRAFT-1225,Terracotta clay,"Natural clay, Natural colors",33.5,31.3,11.8,1.86,"Mandla, Madhya Pradesh",Wedding,8,15,120,164.2,1964,4138
CRAFT-1226,Woodcraft & carving,"Teak wood, Sal wood, Natural polish",27.0,47.5,37.7,3.75,"Bastar, Chhattisgarh",Festive,5,20,120,596.98,2997,5894
CRAFT-1227,Bamboo & cane,"Bamboo, Cane, Natural fibers",74.4,29.9,39.7,2.58,"Bastar, Chhattisgarh",Wedding,5,12,100,102.13,1302,3102
CRAFT-1228,Tribal handloom,"Cotton, Silk, Organic dyes",117.5,107.2,0.3,1.35,"Dumka, Jharkhand",Monsoon,7,33,120,2222.92,6183,11130
CRAFT-1229,Bamboo & cane,"Bamboo, Cane, Natural fibers",15.7,26.1,11.1,2.15,"Mandla, Madhya Pradesh",Monsoon,2,6,120,136.52,857,1408
CRAFT-1230,Tribal handloom,"Cotton, Silk, Organic dyes",196.1,107.6,0.2,1.33,"Mandla, Madhya Pradesh",Festive,6,45,120,2337.79,7738,16740
CRAFT-1231,Bamboo & cane,"Bamboo, Cane, Natural fibers",22.2,30.1,19.0,0.61,"Bastar, Chhattisgarh",Off-season,4,5,75,141.88,517,758
CRAFT-1232,Dokra bell metal,"Brass, Bell metal, Beeswax",5.6,7.0,38.9,2.42,"Mandla, Madhya Pradesh",Wedding,6,15,100,1458.99,2959,5939
CRAFT-1233,Tribal handloom,"Cotton, Silk, Organic dyes",165.9,57.4,0.4,0.56,"Kondagaon, Chhattisgarh",Off-season,8,54,75,1701.13,5751,9716
CRAFT-1234,Woodcraft & carving,"Teak wood, Sal wood, Natural polish",32.2,12.5,49.0,5.14,"Mandla, Madhya Pradesh",Festive,7,12,100,258.16,1458,3400
CRAFT-1235,Bamboo & cane,"Bamboo, Cane, Natural fibers",78.9,19.6,10.0,0.54,"Dumka, Jharkhand",Festive,4,11,100,125.82,1226,2076
CRAFT-1236,Woodcraft & carving,"Teak wood, Sal wood, Natural polish",75.4,12.5,35.5,9.97,"Dumka, Jharkhand",Monsoon,6,17,100,1013.97,2714,4915
CRAFT-1237,Bamboo & cane,"Bamboo, Cane, Natural fibers",46.9,27.0,9.6,2.68,"Mandla, Madhya Pradesh",Off-season,6,9,90,162.45,972,1428
CRAFT-1238,Bamboo & cane,"Bamboo, Cane, Natural fibers",35.7,26.6,34.0,2.25,"Dumka, Jharkhand",Festive,3,8,120,242.33,1202,1890
CRAFT-1239,Tribal handloom,"Cotton, Silk, Organic dyes",102.9,68.2,0.4,0.46,"Bastar, Chhattisgarh",Monsoon,7,67,90,1524.15,7554,10882
CRAFT-1240,Terracotta clay,"Natural clay, Natural colors",10.4,17.2,58.8,4.11,"Mandla, Madhya Pradesh",Off-season,3,8,120,387.06,1347,2021
CRAFT-1241,Woodcraft & carving,"Teak wood, Sal wood, Natural polish",56.4,43.8,14.9,5.39,"Kondagaon, Chhattisgarh",Wedding,6,19,75,350.05,1775,3305
CRAFT-1242,Bamboo & cane,"Bamboo, Cane, Natural fibers",61.6,29.0,18.2,1.3,"Kondagaon, Chhattisgarh",Wedding,3,4,120,164.86,645,1182
CRAFT-1243,Terracotta clay,"Natural clay, Natural colors",30.6,23.1,22.7,4.28,"Bastar, Chhattisgarh",Off-season,8,20,100,92.3,2092,4328
CRAFT-1244,Woodcraft & carving,"Teak wood, Sal wood, Natural polish",56.9,35.5,43.0,9.06,"Dumka, Jharkhand",Wedding,9,30,75,836.67,3087,7152
CRAFT-1245,Tribal handloom,"Cotton, Silk, Organic dyes",122.5,101.6,0.3,1.12,"Bastar, Chhattisgarh",Monsoon,8,60,90,487.51,5888,9455
CRAFT-1246,Dokra bell metal,"Brass, Bell metal, Beeswax",22.9,6.1,12.1,0.54,"Bastar, Chhattisgarh",Wedding,10,19,90,1447.8,3158,7219
CRAFT-1247,Tribal handloom,"Cotton, Silk, Organic dyes",152.5,104.2,0.4,0.52,"Dumka, Jharkhand",Festive,5,43,90,765.63,4636,7909
CRAFT-1248,Bamboo & cane,"Bamboo, Cane, Natural fibers",56.2,40.6,14.3,0.26,"Bastar, Chhattisgarh",Monsoon,5,11,120,70.54,1391,2594
CRAFT-1249,Bamboo & cane,"Bamboo, Cane, Natural fibers",53.7,25.3,12.2,0.54,"Dumka, Jharkhand",Off-season,4,11,100,203.75,1304,2065
CRAFT-1250,Woodcraft & carving,"Teak wood, Sal wood, Natural polish",71.5,31.2,12.1,9.72,"Kondagaon, Chhattisgarh",Festive,7,16,90,998.71,2439,4937
CRAFT-1251,Bamboo & cane,"Bamboo, Cane, Natural fibers",50.8,39.9,33.4,2.04,"Kondagaon, Chhattisgarh",Festive,3,13,100,82.02,1382,2431
CRAFT-1252,Tribal handloom,"Cotton, Silk, Organic dyes",239.2,65.7,0.2,0.82,"Kondagaon, Chhattisgarh",Wedding,7,78,90,1322.75,8343,17768
CRAFT-1253,Tribal handloom,"Cotton, Silk, Organic dyes",233.0,95.2,0.2,1.28,"Dumka, Jharkhand",Wedding,9,23,90,2208.88,4279,10207
CRAFT-1254,Bamboo & cane,"Bamboo, Cane, Natural fibers",74.3,20.1,31.4,1.49,"Mandla, Madhya Pradesh",Festive,6,12,100,260.5,1460,3200
CRAFT-1255,Dokra bell metal,"Brass, Bell metal, Beeswax",9.4,13.2,39.5,3.78,"Mandla, Madhya Pradesh",Off-season,8,20,120,351.81,2752,4947
CRAFT-1256,Terracotta clay,"Natural clay, Natural colors",14.0,31.8,50.9,1.46,"Mandla, Madhya Pradesh",Wedding,8,17,75,241.87,1517,3594
CRAFT-1257,Woodcraft & carving,"Teak wood, Sal wood, Natural polish",67.2,30.3,24.9,6.09,"Bastar, Chhattisgarh",Wedding,8,34,90,888.89,3949,10057
CRAFT-1258,Terracotta clay,"Natural clay, Natural colors",29.1,32.8,18.0,2.58,"Bastar, Chhattisgarh",Monsoon,7,16,60,82.99,1043,1720
CRAFT-1259,Dokra bell metal,"Brass, Bell metal, Beeswax",25.0,8.1,26.7,3.07,"Mandla, Madhya Pradesh",Off-season,7,36,100,1039.18,4639,7309
CRAFT-1260,Terracotta clay,"Natural clay, Natural colors",20.7,33.5,37.7,0.52,"Kondagaon, Chhattisgarh",Off-season,4,7,90,323.52,954,1296
CRAFT-1261,Bamboo & cane,"Bamboo, Cane, Natural fibers",77.1,24.7,16.4,0.62,"Bastar, Chhattisgarh",Wedding,6,4,120,126.4,606,1365
CRAFT-1262,Tribal handloom,"Cotton, Silk, Organic dyes",249.5,75.8,0.3,1.17,"Kondagaon, Chhattisgarh",Off-season,6,73,120,2261.01,11021,17627
CRAFT-1263,Terracotta clay,"Natural clay, Natural colors",30.9,10.1,41.0,2.1,"Dumka, Jharkhand",Festive,6,16,75,334.14,1534,2606
CRAFT-1264,Tribal handloom,"Cotton, Silk, Organic dyes",188.2,83.7,0.4,0.38,"Mandla, Madhya Pradesh",Monsoon,6,54,75,1617.97,5668,10697
CRAFT-1265,Dokra bell metal,"Brass, Bell metal, Beeswax",21.9,17.1,18.1,3.39,"Dumka, Jharkhand",Off-season,8,58,120,897.91,7858,13883
CRAFT-1266,Tribal handloom,"Cotton, Silk, Organic dyes",108.8,73.4,0.4,1.15,"Dumka, Jharkhand",Wedding,8,52,120,2056.09,8296,17143
CRAFT-1267,Tribal handloom,"Cotton, Silk, Organic dyes",149.2,80.4,0.1,0.56,"Kondagaon, Chhattisgarh",Off-season,9,28,90,1656.27,4176,8163
CRAFT-1268,Bamboo & cane,"Bamboo, Cane, Natural fibers",79.9,47.3,27.5,1.38,"Dumka, Jharkhand",Wedding,6,3,120,209.04,569,1206
CRAFT-1269,Bamboo & cane,"Bamboo, Cane, Natural fibers",68.8,25.4,25.0,1.85,"Mandla, Madhya Pradesh",Festive,3,6,100,96.12,696,1156
CRAFT-1270,Woodcraft & carving,"Teak wood, Sal wood, Natural polish",46.8,11.0,11.2,8.49,"Kondagaon, Chhattisgarh",Monsoon,4,24,100,473.07,2873,4571
CRAFT-1271,Dokra bell metal,"Brass, Bell metal, Beeswax",11.5,11.4,36.2,3.45,"Bastar, Chhattisgarh",Monsoon,6,40,120,523.32,5323,9471
CRAFT-1272,Dokra bell metal,"Brass, Bell metal, Beeswax",16.5,12.2,14.0,0.78,"Kondagaon, Chhattisgarh",Monsoon,6,38,75,1173.53,4024,7359
CRAFT-1273,Bamboo & cane,"Bamboo, Cane, Natural fibers",63.6,16.4,26.4,0.58,"Mandla, Madhya Pradesh",Festive,7,12,90,237.84,1318,2797
CRAFT-1274,Terracotta clay,"Natural clay, Natural colors",38.7,12.1,12.9,1.77,"Kondagaon, Chhattisgarh",Festive,5,20,75,163.75,1664,3045
CRAFT-1275,Tribal handloom,"Cotton, Silk, Organic dyes",140.8,103.2,0.3,1.23,"Dumka, Jharkhand",Festive,5,21,90,537.27,2427,4808
CRAFT-1276,Terracotta clay,"Natural clay, Natural colors",11.0,11.9,55.3,1.13,"Kondagaon, Chhattisgarh",Monsoon,3,14,75,250.37,1300,1979
CRAFT-1277,Dokra bell metal,"Brass, Bell metal, Beeswax",5.5,15.0,38.9,2.46,"Bastar, Chhattisgarh",Festive,7,41,120,1424.19,6344,11993
CRAFT-1278,Tribal handloom,"Cotton, Silk, Organic dyes",162.8,68.2,0.4,1.48,"Bastar, Chhattisgarh",Festive,8,58,120,938.71,7899,18044
CRAFT-1279,Bamboo & cane,"Bamboo, Cane, Natural fibers",42.5,48.9,26.3,1.18,"Kondagaon, Chhattisgarh",Off-season,4,8,60,78.52,559,756
CRAFT-1280,Woodcraft & carving,"Teak wood, Sal wood, Natural polish",38.0,20.0,52.5,6.05,"Mandla, Madhya Pradesh",Off-season,8,36,75,723.39,3423,5874
CRAFT-1281,Bamboo & cane,"Bamboo, Cane, Natural fibers",14.7,38.3,24.0,0.43,"Mandla, Madhya Pradesh",Festive,6,10,120,164.58,1365,2855
CRAFT-1282,Woodcraft & carving,"Teak wood, Sal wood, Natural polish",33.3,47.8,52.5,7.02,"Bastar, Chhattisgarh",Monsoon,7,12,100,662.3,1862,3310
CRAFT-1283,Dokra bell metal,"Brass, Bell metal, Beeswax",6.6,12.7,34.2,2.11,"Mandla, Madhya Pradesh",Festive,8,19,90,362.35,2072,5277
CRAFT-1284,Terracotta clay,"Natural clay, Natural colors",16.0,17.8,18.2,1.99,"Bastar, Chhattisgarh",Wedding,4,6,90,322.16,862,1646
CRAFT-1285,Woodcraft & carving,"Teak wood, Sal wood, Natural polish",90.4,44.8,21.9,5.06,"Mandla, Madhya Pradesh",Off-season,9,39,100,1184.99,5085,9979
CRAFT-1286,Terracotta clay,"Natural clay, Natural colors",10.8,12.0,33.2,4.59,"Kondagaon, Chhattisgarh",Festive,8,19,60,252.38,1392,3085
CRAFT-1287,Dokra bell metal,"Brass, Bell metal, Beeswax",25.6,10.7,33.3,3.88,"Kondagaon, Chhattisgarh",Festive,7,17,90,544.52,2075,4224
CRAFT-1288,Dokra bell metal,"Brass, Bell metal, Beeswax",12.2,16.9,27.3,2.72,"Dumka, Jharkhand",Monsoon,8,17,75,1257.5,2532,4528
CRAFT-1289,Dokra bell metal,"Brass, Bell metal, Beeswax",8.9,15.4,33.8,1.61,"Mandla, Madhya Pradesh",Festive,8,32,60,1328.62,3249,7998
CRAFT-1290,Dokra bell metal,"Brass, Bell metal, Beeswax",11.9,19.8,14.2,1.21,"Dumka, Jharkhand",Monsoon,9,39,90,521.07,4031,7806
CRAFT-1291,Terracotta clay,"Natural clay, Natural colors",23.2,28.5,14.2,4.47,"Dumka, Jharkhand",Monsoon,5,13,60,337.15,1117,1855
CRAFT-1292,Tribal handloom,"Cotton, Silk, Organic dyes",245.1,79.2,0.5,1.1,"Bastar, Chhattisgarh",Monsoon,9,72,75,1732.81,7133,12430
CRAFT-1293,Woodcraft & carving,"Teak wood, Sal wood, Natural polish",33.0,10.5,38.0,5.75,"Mandla, Madhya Pradesh",Wedding,4,15,90,919.35,2269,4806
CRAFT-1294,Dokra bell metal,"Brass, Bell metal, Beeswax",7.0,16.0,15.6,3.5,"Mandla, Madhya Pradesh",Monsoon,10,60,100,1282.88,7283,13596
CRAFT-1295,Terracotta clay,"Natural clay, Natural colors",24.1,34.6,33.0,2.11,"Dumka, Jharkhand",Wedding,6,6,90,238.15,778,1778
CRAFT-1296,Woodcraft & carving,"Teak wood, Sal wood, Natural polish",46.8,17.0,45.6,8.43,"Dumka, Jharkhand",Wedding,9,13,60,300.64,1081,2272
CRAFT-1297,Tribal handloom,"Cotton, Silk, Organic dyes",167.6,102.4,0.4,1.05,"Mandla, Madhya Pradesh",Off-season,5,29,120,1139.99,4620,7650
CRAFT-1298,Tribal handloom,"Cotton, Silk, Organic dyes",170.7,118.5,0.4,0.45,"Bastar, Chhattisgarh",Off-season,5,35,90,1819.97,4970,7613
CRAFT-1299,Dokra bell metal,"Brass, Bell metal, Beeswax",9.4,17.8,16.8,3.43,"Dumka, Jharkhand",Festive,10,24,100,635.13,3035,7378
CRAFT-1300,Dokra bell metal,"Brass, Bell metal, Beeswax",22.4,12.7,19.2,1.24,"Mandla, Madhya Pradesh",Monsoon,6,51,75,339.83,4165,6937
CRAFT-1301,Woodcraft & carving,"Teak wood, Sal wood, Natural polish",89.7,40.6,49.4,6.98,"Mandla, Madhya Pradesh",Monsoon,6,27,75,460.29,2485,4583
CRAFT-1302,Bamboo & cane,"Bamboo, Cane, Natural fibers",57.0,32.4,8.9,1.45,"Bastar, Chhattisgarh",Off-season,5,10,100,165.09,1165,1810
CRAFT-1303,Woodcraft & carving,"Teak wood, Sal wood, Natural polish",98.1,14.4,31.1,1.38,"Bastar, Chhattisgarh",Wedding,6,38,75,939.9,3790,8682
CRAFT-1304,Woodcraft & carving,"Teak wood, Sal wood, Natural polish",42.4,44.3,24.6,9.2,"Mandla, Madhya Pradesh",Monsoon,5,17,75,953.96,2229,3663
CRAFT-1305,Bamboo & cane,"Bamboo, Cane, Natural fibers",68.1,21.3,35.5,0.52,"Dumka, Jharkhand",Off-season,7,9,60,225.92,766,1429
CRAFT-1306,Dokra bell metal,"Brass, Bell metal, Beeswax",7.4,8.6,10.4,2.14,"Mandla, Madhya Pradesh",Festive,10,49,90,661.52,5072,11463
CRAFT-1307,Dokra bell metal,"Brass, Bell metal, Beeswax",23.6,5.7,37.1,3.48,"Kondagaon, Chhattisgarh",Off-season,8,47,75,1101.37,4626,8119
CRAFT-1308,Bamboo & cane,"Bamboo, Cane, Natural fibers",72.5,17.4,7.8,0.87,"Kondagaon, Chhattisgarh",Off-season,3,14,100,248.64,1649,2243
CRAFT-1309,Bamboo & cane,"Bamboo, Cane, Natural fibers",14.5,43.3,26.0,0.52,"Mandla, Madhya Pradesh",Wedding,5,14,120,73.46,1753,3914
CRAFT-1310,Terracotta clay,"Natural clay, Natural colors",30.1,34.9,53.9,3.07,"Bastar, Chhattisgarh",Festive,5,17,100,245.58,1946,3619
CRAFT-1311,Woodcraft & carving,"Teak wood, Sal wood, Natural polish",81.9,34.1,54.6,4.99,"Dumka, Jharkhand",Monsoon,8,14,75,807.09,1857,3151
CRAFT-1312,Dokra bell metal,"Brass, Bell metal, Beeswax",19.8,15.5,17.1,2.29,"Bastar, Chhattisgarh",Monsoon,9,58,120,425.07,7385,15075
CRAFT-1313,Dokra bell metal,"Brass, Bell metal, Beeswax",28.8,14.0,32.3,2.27,"Kondagaon, Chhattisgarh",Off-season,7,42,120,1060.92,6101,9702
CRAFT-1314,Bamboo & cane,"Bamboo, Cane, Natural fibers",27.8,24.5,21.5,0.33,"Bastar, Chhattisgarh",Off-season,4,4,75,85.01,385,534
CRAFT-1315,Dokra bell metal,"Brass, Bell metal, Beeswax",20.3,9.2,16.2,2.31,"Kondagaon, Chhattisgarh",Wedding,10,33,60,306.61,2287,4804
CRAFT-1316,Dokra bell metal,"Brass, Bell metal, Beeswax",10.5,5.6,13.2,1.69,"Kondagaon, Chhattisgarh",Wedding,7,55,90,1263.1,6213,12029
CRAFT-1317,Woodcraft & carving,"Teak wood, Sal wood, Natural polish",94.5,25.9,14.4,6.55,"Bastar, Chhattisgarh",Off-season,8,47,75,313.84,3839,6809
CRAFT-1318,Terracotta clay,"Natural clay, Natural colors",25.2,36.2,34.7,3.66,"Mandla, Madhya Pradesh",Festive,3,7,60,397.7,818,1311
CRAFT-1319,Woodcraft & carving,"Teak wood, Sal wood, Natural polish",53.7,26.4,55.4,7.43,"Mandla, Madhya Pradesh",Off-season,8,36,120,807.91,5128,8298
CRAFT-1320,Bamboo & cane,"Bamboo, Cane, Natural fibers",67.7,48.2,33.7,0.2,"Dumka, Jharkhand",Wedding,7,6,100,209.1,809,1676
CRAFT-1321,Terracotta clay,"Natural clay, Natural colors",13.4,21.5,32.8,2.16,"Dumka, Jharkhand",Wedding,6,7,60,118.73,539,1123
CRAFT-1322,Terracotta clay,"Natural clay, Natural colors",32.5,12.1,14.0,2.1,"Dumka, Jharkhand",Monsoon,6,19,75,381.35,1806,2984
CRAFT-1323,Dokra bell metal,"Brass, Bell metal, Beeswax",19.8,5.2,29.1,3.7,"Kondagaon, Chhattisgarh",Wedding,8,37,100,1035.09,4735,11898
CRAFT-1324,Terracotta clay,"Natural clay, Natural colors",31.7,13.6,55.1,0.8,"Mandla, Madhya Pradesh",Festive,5,12,100,250.87,1451,2623
CRAFT-1325,Bamboo & cane,"Bamboo, Cane, Natural fibers",30.7,29.4,25.2,0.32,"Mandla, Madhya Pradesh",Monsoon,3,4,60,80.75,321,480
CRAFT-1326,Bamboo & cane,"Bamboo, Cane, Natural fibers",34.0,39.2,27.8,2.57,"Mandla, Madhya Pradesh",Monsoon,6,8,75,223.12,823,1290
CRAFT-1327,Terracotta clay,"Natural clay, Natural colors",19.2,33.7,32.3,4.09,"Mandla, Madhya Pradesh",Wedding,4,10,100,343.18,1343,2818
CRAFT-1328,Woodcraft & carving,"Teak wood, Sal wood, Natural polish",93.3,27.2,25.9,6.24,"Dumka, Jharkhand",Monsoon,6,41,60,571.17,3031,5496
CRAFT-1329,Bamboo & cane,"Bamboo, Cane, Natural fibers",36.2,16.7,20.1,0.6,"Dumka, Jharkhand",Monsoon,3,5,120,272.52,873,1335
CRAFT-1330,Dokra bell metal,"Brass, Bell metal, Beeswax",8.9,5.4,29.4,2.73,"Bastar, Chhattisgarh",Festive,8,46,120,708.72,6229,11391
CRAFT-1331,Tribal handloom,"Cotton, Silk, Organic dyes",201.6,92.4,0.2,0.56,"Mandla, Madhya Pradesh",Festive,5,47,75,2474.88,6000,11125
CRAFT-1332,Dokra bell metal,"Brass, Bell metal, Beeswax",22.2,7.1,24.6,0.6,"Mandla, Madhya Pradesh",Monsoon,8,17,100,906.55,2607,5071
CRAFT-1333,Bamboo & cane,"Bamboo, Cane, Natural fibers",12.2,25.5,10.6,0.27,"Kondagaon, Chhattisgarh",Wedding,6,6,60,239.05,599,1198
CRAFT-1334,Tribal handloom,"Cotton, Silk, Organic dyes",143.4,113.0,0.1,1.45,"Dumka, Jharkhand",Wedding,9,63,120,1059.33,8619,22243
CRAFT-1335,Bamboo & cane,"Bamboo, Cane, Natural fibers",78.9,21.5,38.6,1.29,"Kondagaon, Chhattisgarh",Festive,5,7,90,146.38,776,1493
CRAFT-1336,Woodcraft & carving,"Teak wood, Sal wood, Natural polish",63.3,16.2,37.7,5.88,"Mandla, Madhya Pradesh",Off-season,5,48,120,961.9,6722,10603
CRAFT-1337,Tribal handloom,"Cotton, Silk, Organic dyes",138.9,63.6,0.1,0.71,"Bastar, Chhattisgarh",Festive,5,28,90,967.52,3488,7233
CRAFT-1338,Tribal handloom,"Cotton, Silk, Organic dyes",183.7,74.3,0.3,0.47,"Dumka, Jharkhand",Off-season,9,77,120,1332.49,10572,17847
CRAFT-1339,Terracotta clay,"Natural clay, Natural colors",39.8,36.4,41.2,3.06,"Mandla, Madhya Pradesh",Wedding,4,17,120,278.61,2319,4023
CRAFT-1340,Dokra bell metal,"Brass, Bell metal, Beeswax",14.9,5.6,24.3,2.4,"Mandla, Madhya Pradesh",Monsoon,10,34,100,573.3,3973,8574
CRAFT-1341,Bamboo & cane,"Bamboo, Cane, Natural fibers",47.3,44.8,9.6,2.41,"Mandla, Madhya Pradesh",Wedding,7,3,100,81.21,381,870
CRAFT-1342,Woodcraft & carving,"Teak wood, Sal wood, Natural polish",42.1,45.1,57.2,2.34,"Mandla, Madhya Pradesh",Festive,8,40,90,662.68,4263,10780
CRAFT-1343,Woodcraft & carving,"Teak wood, Sal wood, Natural polish",67.1,25.0,24.3,2.83,"Kondagaon, Chhattisgarh",Festive,8,40,75,961.8,3962,8434
CRAFT-1344,Woodcraft & carving,"Teak wood, Sal wood, Natural polish",60.9,29.7,38.9,8.79,"Dumka, Jharkhand",Off-season,9,25,60,1180.74,2681,5089
CRAFT-1345,Woodcraft & carving,"Teak wood, Sal wood, Natural polish",65.9,48.2,20.0,1.98,"Bastar, Chhattisgarh",Off-season,4,38,90,1053.96,4474,7116
CRAFT-1346,Tribal handloom,"Cotton, Silk, Organic dyes",227.0,112.5,0.1,1.36,"Kondagaon, Chhattisgarh",Monsoon,6,46,120,1341.47,6861,12001
CRAFT-1347,Woodcraft & carving,"Teak wood, Sal wood, Natural polish",21.5,29.1,44.4,7.5,"Dumka, Jharkhand",Festive,9,18,120,892.53,3053,6462
CRAFT-1348,Terracotta clay,"Natural clay, Natural colors",19.0,20.8,50.2,1.75,"Mandla, Madhya Pradesh",Monsoon,7,17,90,147.43,1677,3366
CRAFT-1349,Terracotta clay,"Natural clay, Natural colors",18.8,10.4,46.9,4.25,"Dumka, Jharkhand",Wedding,7,16,90,316.95,1757,3524
CRAFT-1350,Woodcraft & carving,"Teak wood, Sal wood, Natural polish",80.3,40.8,42.9,7.9,"Dumka, Jharkhand",Off-season,5,27,120,1045.92,4286,7114
CRAFT-1351,Dokra bell metal,"Brass, Bell metal, Beeswax",6.9,11.1,22.2,0.73,"Kondagaon, Chhattisgarh",Wedding,8,60,75,718.58,5219,10048
CRAFT-1352,Tribal handloom,"Cotton, Silk, Organic dyes",221.2,116.3,0.1,1.45,"Mandla, Madhya Pradesh",Monsoon,7,55,90,1497.41,6447,10863
CRAFT-1353,Dokra bell metal,"Brass, Bell metal, Beeswax",24.9,15.6,11.5,0.76,"Bastar, Chhattisgarh",Monsoon,9,37,75,783.45,3558,6170
CRAFT-1354,Dokra bell metal,"Brass, Bell metal, Beeswax",10.8,9.2,34.1,3.75,"Bastar, Chhattisgarh",Wedding,6,37,100,786.12,4486,9707
CRAFT-1355,Dokra bell metal,"Brass, Bell metal, Beeswax",10.7,14.6,39.4,2.61,"Dumka, Jharkhand",Off-season,7,49,90,729.38,5139,8356
CRAFT-1356,Woodcraft & carving,"Teak wood, Sal wood, Natural polish",29.8,45.5,35.2,5.04,"Mandla, Madhya Pradesh",Off-season,4,49,120,785.86,6666,10770
CRAFT-1357,Terracotta clay,"Natural clay, Natural colors",17.3,31.4,51.1,4.12,"Kondagaon, Chhattisgarh",Festive,8,12,75,256.8,1157,2475
CRAFT-1358,Bamboo & cane,"Bamboo, Cane, Natural fibers",20.0,41.0,14.5,1.59,"Bastar, Chhattisgarh",Monsoon,4,13,100,121.07,1421,2001
CRAFT-1359,Bamboo & cane,"Bamboo, Cane, Natural fibers",62.4,22.7,5.0,1.63,"Kondagaon, Chhattisgarh",Festive,6,4,100,61.71,462,901
CRAFT-1360,Tribal handloom,"Cotton, Silk, Organic dyes",206.0,54.4,0.4,0.3,"Dumka, Jharkhand",Off-season,7,40,90,918.33,4518,8038
CRAFT-1361,Bamboo & cane,"Bamboo, Cane, Natural fibers",35.2,20.8,34.5,1.08,"Bastar, Chhattisgarh",Off-season,6,13,60,247.23,1027,1844
CRAFT-1362,Terracotta clay,"Natural clay, Natural colors",23.0,37.3,28.9,4.84,"Dumka, Jharkhand",Off-season,3,17,100,108.57,1809,2463
CRAFT-1363,Terracotta clay,"Natural clay, Natural colors",29.0,31.1,10.2,1.25,"Mandla, Madhya Pradesh",Festive,3,14,120,308.17,1988,3660
CRAFT-1364,Woodcraft & carving,"Teak wood, Sal wood, Natural polish",97.3,40.4,57.5,7.32,"Bastar, Chhattisgarh",Wedding,6,39,120,498.05,5178,9970
CRAFT-1365,Woodcraft & carving,"Teak wood, Sal wood, Natural polish",23.9,24.4,57.8,5.5,"Dumka, Jharkhand",Off-season,8,39,90,632.73,4143,7926
CRAFT-1366,Terracotta clay,"Natural clay, Natural colors",16.3,21.1,28.5,0.74,"Bastar, Chhattisgarh",Wedding,4,19,90,325.62,2036,3808
CRAFT-1367,Terracotta clay,"Natural clay, Natural colors",16.4,29.7,33.6,4.46,"Bastar, Chhattisgarh",Wedding,5,11,75,149.04,974,1997
CRAFT-1368,Woodcraft & carving,"Teak wood, Sal wood, Natural polish",68.6,21.8,16.8,6.86,"Dumka, Jharkhand",Monsoon,8,30,60,938.6,2739,4515
CRAFT-1369,Tribal handloom,"Cotton, Silk, Organic dyes",207.0,63.9,0.5,0.64,"Bastar, Chhattisgarh",Off-season,6,50,90,1172.35,5672,9457
CRAFT-1370,Terracotta clay,"Natural clay, Natural colors",13.3,25.5,23.4,4.26,"Bastar, Chhattisgarh",Wedding,6,12,100,84.7,1285,2513
CRAFT-1371,Dokra bell metal,"Brass, Bell metal, Beeswax",17.3,11.1,25.9,2.58,"Mandla, Madhya Pradesh",Wedding,10,51,60,311.91,3372,7445
CRAFT-1372,Dokra bell metal,"Brass, Bell metal, Beeswax",29.1,12.8,30.3,1.59,"Mandla, Madhya Pradesh",Off-season,6,57,60,1228.79,4649,8467
CRAFT-1373,Tribal handloom,"Cotton, Silk, Organic dyes",118.8,51.2,0.4,1.27,"Mandla, Madhya Pradesh",Off-season,8,63,120,652.44,8212,14260
CRAFT-1374,Dokra bell metal,"Brass, Bell metal, Beeswax",5.4,9.4,33.2,2.31,"Bastar, Chhattisgarh",Wedding,8,54,75,717.71,4768,10230
CRAFT-1375,Terracotta clay,"Natural clay, Natural colors",35.4,10.7,54.9,4.02,"Kondagaon, Chhattisgarh",Monsoon,4,19,120,329.72,2610,4047
CRAFT-1376,Dokra bell metal,"Brass, Bell metal, Beeswax",15.0,9.5,12.0,1.3,"Dumka, Jharkhand",Monsoon,10,57,75,595.92,4871,9385
CRAFT-1377,Terracotta clay,"Natural clay, Natural colors",11.7,38.7,57.1,4.03,"Bastar, Chhattisgarh",Monsoon,7,16,60,397.22,1357,2603
CRAFT-1378,Woodcraft & carving,"Teak wood, Sal wood, Natural polish",97.0,13.0,28.3,3.03,"Bastar, Chhattisgarh",Festive,8,42,75,395.83,3546,7649
CRAFT-1379,Woodcraft & carving,"Teak wood, Sal wood, Natural polish",66.3,15.9,50.6,6.72,"Kondagaon, Chhattisgarh",Off-season,6,43,100,588.17,4888,8787
CRAFT-1380,Bamboo & cane,"Bamboo, Cane, Natural fibers",28.2,23.8,37.1,1.01,"Kondagaon, Chhattisgarh",Monsoon,2,10,100,167.5,1168,1771
CRAFT-1381,Bamboo & cane,"Bamboo, Cane, Natural fibers",20.3,10.3,27.1,1.45,"Dumka, Jharkhand",Off-season,6,8,100,83.57,884,1642
CRAFT-1382,Woodcraft & carving,"Teak wood, Sal wood, Natural polish",62.4,19.7,35.0,7.12,"Bastar, Chhattisgarh",Monsoon,9,29,60,276.24,2016,3596
CRAFT-1383,Tribal handloom,"Cotton, Silk, Organic dyes",182.0,80.3,0.1,0.5,"Mandla, Madhya Pradesh",Festive,6,57,60,1335.64,4756,9706
CRAFT-1384,Bamboo & cane,"Bamboo, Cane, Natural fibers",13.5,43.7,39.3,2.42,"Dumka, Jharkhand",Wedding,7,3,120,263.45,623,1146
CRAFT-1385,Bamboo & cane,"Bamboo, Cane, Natural fibers",40.6,33.7,7.6,1.94,"Bastar, Chhattisgarh",Monsoon,2,6,100,295.29,895,1229
CRAFT-1386,Terracotta clay,"Natural clay, Natural colors",33.8,37.2,57.2,4.82,"Kondagaon, Chhattisgarh",Monsoon,5,17,100,246.87,1947,3355
CRAFT-1387,Tribal handloom,"Cotton, Silk, Organic dyes",171.5,100.3,0.2,1.07,"Dumka, Jharkhand",Festive,9,28,90,1799.86,4320,9334
CRAFT-1388,Bamboo & cane,"Bamboo, Cane, Natural fibers",49.6,40.9,22.5,0.23,"Kondagaon, Chhattisgarh",Monsoon,6,4,75,52.26,352,542
CRAFT-1389,Bamboo & cane,"Bamboo, Cane, Natural fibers",32.5,43.9,30.5,0.47,"Bastar, Chhattisgarh",Wedding,5,12,120,157.18,1597,2906
CRAFT-1390,Tribal handloom,"Cotton, Silk, Organic dyes",172.1,96.4,0.1,0.65,"Dumka, Jharkhand",Off-season,6,49,90,1235.46,5645,10005
CRAFT-1391,Terracotta clay,"Natural clay, Natural colors",21.8,32.6,55.9,4.78,"Mandla, Madhya Pradesh",Off-season,8,8,60,264.68,745,1404
CRAFT-1392,Tribal handloom,"Cotton, Silk, Organic dyes",218.1,67.6,0.3,0.73,"Bastar, Chhattisgarh",Off-season,6,24,60,1778.93,3219,5162
CRAFT-1393,Woodcraft & carving,"Teak wood, Sal wood, Natural polish",37.7,11.6,11.8,2.58,"Bastar, Chhattisgarh",Monsoon,8,13,75,1066.77,2042,3384
CRAFT-1394,Bamboo & cane,"Bamboo, Cane, Natural fibers",76.5,33.3,20.3,1.82,"Dumka, Jharkhand",Monsoon,3,10,75,179.17,929,1395
CRAFT-1395,Bamboo & cane,"Bamboo, Cane, Natural fibers",72.6,47.9,36.2,1.37,"Kondagaon, Chhattisgarh",Wedding,3,15,120,245.09,2045,3409
CRAFT-1396,Dokra bell metal,"Brass, Bell metal, Beeswax",17.4,8.1,27.7,1.15,"Mandla, Madhya Pradesh",Off-season,8,24,120,697.88,3578,6066
CRAFT-1397,Terracotta clay,"Natural clay, Natural colors",34.3,35.1,26.6,3.62,"Dumka, Jharkhand",Wedding,5,6,120,326.76,1047,2125
CRAFT-1398,Woodcraft & carving,"Teak wood, Sal wood, Natural polish",32.1,45.0,37.0,3.54,"Kondagaon, Chhattisgarh",Monsoon,8,41,60,625.23,3085,5185
CRAFT-1399,Dokra bell metal,"Brass, Bell metal, Beeswax",5.0,11.2,25.7,0.69,"Dumka, Jharkhand",Wedding,9,41,75,1467.69,4543,9476
CRAFT-1400,Dokra bell metal,"Brass, Bell metal, Beeswax",12.6,9.6,16.9,0.51,"Dumka, Jharkhand",Off-season,10,45,75,1175.21,4550,10031
CRAFT-1401,Terracotta clay,"Natural clay, Natural colors",32.3,35.5,31.1,1.86,"Mandla, Madhya Pradesh",Off-season,6,6,120,184.09,904,1501
CRAFT-1402,Tribal handloom,"Cotton, Silk, Organic dyes",222.5,62.7,0.2,1.38,"Dumka, Jharkhand",Off-season,8,35,90,2094.06,5244,10157
CRAFT-1403,Terracotta clay,"Natural clay, Natural colors",27.7,29.8,13.9,2.95,"Mandla, Madhya Pradesh",Festive,6,16,60,306.98,1267,2569
CRAFT-1404,Woodcraft & carving,"Teak wood, Sal wood, Natural polish",82.5,33.4,57.6,1.38,"Kondagaon, Chhattisgarh",Festive,6,34,120,465.33,4545,9900
CRAFT-1405,Woodcraft & carving,"Teak wood, Sal wood, Natural polish",80.7,14.1,35.7,5.58,"Bastar, Chhattisgarh",Festive,5,47,120,569.28,6209,12499
CRAFT-1406,Terracotta clay,"Natural clay, Natural colors",34.8,30.9,45.7,2.58,"Dumka, Jharkhand",Off-season,5,14,60,374.72,1215,2119
CRAFT-1407,Terracotta clay,"Natural clay, Natural colors",18.2,34.2,19.8,2.05,"Kondagaon, Chhattisgarh",Festive,8,20,75,187.4,1687,4123
CRAFT-1408,Woodcraft & carving,"Teak wood, Sal wood, Natural polish",88.5,38.0,46.4,6.06,"Kondagaon, Chhattisgarh",Monsoon,5,45,90,1147.09,5197,7978
CRAFT-1409,Dokra bell metal,"Brass, Bell metal, Beeswax",24.7,16.0,21.5,0.59,"Dumka, Jharkhand",Monsoon,10,56,90,1306.8,6347,10951
CRAFT-1410,Dokra bell metal,"Brass, Bell metal, Beeswax",22.6,19.6,23.1,1.32,"Mandla, Madhya Pradesh",Wedding,10,46,100,1145.85,5746,14656
CRAFT-1411,Bamboo & cane,"Bamboo, Cane, Natural fibers",13.6,30.2,30.1,2.62,"Dumka, Jharkhand",Wedding,3,7,90,94.81,725,1381
CRAFT-1412,Tribal handloom,"Cotton, Silk, Organic dyes",182.9,77.8,0.2,1.34,"Bastar, Chhattisgarh",Off-season,6,21,90,730.27,2620,4408
CRAFT-1413,Woodcraft & carving,"Teak wood, Sal wood, Natural polish",73.8,41.9,22.5,6.62,"Dumka, Jharkhand",Wedding,5,22,90,771.75,2752,5611
CRAFT-1414,Terracotta clay,"Natural clay, Natural colors",37.2,10.4,43.7,0.73,"Dumka, Jharkhand",Off-season,6,15,90,255.63,1606,2464
CRAFT-1415,Tribal handloom,"Cotton, Silk, Organic dyes",193.2,73.4,0.4,0.79,"Dumka, Jharkhand",Monsoon,6,66,90,543.54,6484,10796
CRAFT-1416,Terracotta clay,"Natural clay, Natural colors",18.6,23.0,44.3,2.0,"Kondagaon, Chhattisgarh",Monsoon,4,6,120,98.11,818,1254
CRAFT-1417,Bamboo & cane,"Bamboo, Cane, Natural fibers",57.0,35.3,12.0,1.37,"Bastar, Chhattisgarh",Festive,2,8,75,237.73,838,1356
CRAFT-1418,Terracotta clay,"Natural clay, Natural colors",18.3,18.3,31.6,4.91,"Bastar, Chhattisgarh",Off-season,3,11,120,101.6,1422,2108
CRAFT-1419,Tribal handloom,"Cotton, Silk, Organic dyes",210.7,99.3,0.3,0.72,"Mandla, Madhya Pradesh",Festive,9,60,120,1234.99,8435,17340
CRAFT-1420,Tribal handloom,"Cotton, Silk, Organic dyes",130.8,83.8,0.2,0.64,"Dumka, Jharkhand",Festive,5,54,120,1779.19,8259,16979
CRAFT-1421,Tribal handloom,"Cotton, Silk, Organic dyes",111.3,116.6,0.2,0.41,"Bastar, Chhattisgarh",Festive,9,66,90,1657.99,7598,17768
CRAFT-1422,Woodcraft & carving,"Teak wood, Sal wood, Natural polish",71.9,20.7,10.8,9.69,"Mandla, Madhya Pradesh",Festive,8,37,75,450.89,3226,7592
CRAFT-1423,Bamboo & cane,"Bamboo, Cane, Natural fibers",31.9,20.8,25.9,2.63,"Bastar, Chhattisgarh",Off-season,3,5,120,286.68,887,1315
CRAFT-1424,Woodcraft & carving,"Teak wood, Sal wood, Natural polish",32.4,47.8,46.8,8.95,"Mandla, Madhya Pradesh",Wedding,6,35,60,402.63,2503,5434
CRAFT-1425,Dokra bell metal,"Brass, Bell metal, Beeswax",15.2,5.2,27.5,1.39,"Dumka, Jharkhand",Monsoon,10,30,75,840.31,3090,6963
CRAFT-1426,Dokra bell metal,"Brass, Bell metal, Beeswax",15.0,17.6,15.7,2.85,"Bastar, Chhattisgarh",Festive,6,40,100,1472.41,5472,10202
CRAFT-1427,Tribal handloom,"Cotton, Silk, Organic dyes",113.9,102.4,0.5,0.82,"Dumka, Jharkhand",Festive,5,64,75,943.29,5743,10956
CRAFT-1428,Bamboo & cane,"Bamboo, Cane, Natural fibers",60.6,10.4,25.6,1.92,"Dumka, Jharkhand",Monsoon,7,14,90,209.42,1469,2384
CRAFT-1429,Woodcraft & carving,"Teak wood, Sal wood, Natural polish",35.9,45.1,46.9,1.12,"Bastar, Chhattisgarh",Festive,5,23,120,448.38,3208,5977
CRAFT-1430,Tribal handloom,"Cotton, Silk, Organic dyes",140.6,67.3,0.1,0.85,"Mandla, Madhya Pradesh",Festive,5,63,90,1938.74,7609,14714
CRAFT-1431,Woodcraft & carving,"Teak wood, Sal wood, Natural polish",96.1,43.5,50.3,8.41,"Bastar, Chhattisgarh",Off-season,6,11,75,1132.71,1958,3378
CRAFT-1432,Woodcraft & carving,"Teak wood, Sal wood, Natural polish",36.0,34.7,47.1,7.64,"Kondagaon, Chhattisgarh",Monsoon,4,29,75,721.45,2896,4269
CRAFT-1433,Woodcraft & carving,"Teak wood, Sal wood, Natural polish",66.8,31.5,23.4,4.32,"Kondagaon, Chhattisgarh",Monsoon,9,44,90,1095.35,5055,9744
CRAFT-1434,Tribal handloom,"Cotton, Silk, Organic dyes",218.1,81.8,0.4,0.6,"Kondagaon, Chhattisgarh",Festive,9,67,90,1881.47,7911,19394
CRAFT-1435,Bamboo & cane,"Bamboo, Cane, Natural fibers",75.5,12.6,33.9,1.02,"Bastar, Chhattisgarh",Monsoon,3,15,60,160.98,1061,1380
CRAFT-1436,Dokra bell metal,"Brass, Bell metal, Beeswax",12.5,12.5,11.7,2.22,"Dumka, Jharkhand",Wedding,6,55,90,1412.53,6363,11592
CRAFT-1437,Tribal handloom,"Cotton, Silk, Organic dyes",198.3,68.2,0.2,0.49,"Dumka, Jharkhand",Off-season,7,55,100,548.03,6048,10665
CRAFT-1438,Tribal handloom,"Cotton, Silk, Organic dyes",199.6,111.7,0.4,1.12,"Kondagaon, Chhattisgarh",Monsoon,5,69,120,631.91,8912,13118
CRAFT-1439,Dokra bell metal,"Brass, Bell metal, Beeswax",17.9,13.0,20.7,1.74,"Kondagaon, Chhattisgarh",Festive,6,32,75,1294.27,3694,7598
CRAFT-1440,Tribal handloom,"Cotton, Silk, Organic dyes",146.2,114.0,0.5,0.69,"Kondagaon, Chhattisgarh",Monsoon,7,43,60,1144.29,3724,6468
CRAFT-1441,Bamboo & cane,"Bamboo, Cane, Natural fibers",48.7,30.1,11.8,2.6,"Bastar, Chhattisgarh",Wedding,5,7,90,219.24,849,1693
CRAFT-1442,Bamboo & cane,"Bamboo, Cane, Natural fibers",70.1,39.9,20.4,1.91,"Kondagaon, Chhattisgarh",Festive,3,8,100,90.09,890,1698
CRAFT-1443,Woodcraft & carving,"Teak wood, Sal wood, Natural polish",38.4,14.7,18.3,1.02,"Dumka, Jharkhand",Festive,4,15,90,918.74,2269,4240
CRAFT-1444,Woodcraft & carving,"Teak wood, Sal wood, Natural polish",61.2,16.5,14.2,1.17,"Bastar, Chhattisgarh",Wedding,7,10,90,365.75,1266,2772
CRAFT-1445,Tribal handloom,"Cotton, Silk, Organic dyes",115.8,65.6,0.3,1.03,"Dumka, Jharkhand",Festive,9,77,75,915.24,6690,12927
CRAFT-1446,Woodcraft & carving,"Teak wood, Sal wood, Natural polish",51.3,19.4,21.0,9.64,"Kondagaon, Chhattisgarh",Monsoon,5,18,90,816.3,2436,3686
CRAFT-1447,Dokra bell metal,"Brass, Bell metal, Beeswax",18.5,15.4,31.1,1.1,"Mandla, Madhya Pradesh",Monsoon,7,19,75,900.14,2325,3632
CRAFT-1448,Tribal handloom,"Cotton, Silk, Organic dyes",230.6,94.2,0.3,0.44,"Mandla, Madhya Pradesh",Monsoon,7,50,60,1671.84,4672,7232
CRAFT-1449,Dokra bell metal,"Brass, Bell metal, Beeswax",22.3,8.1,21.8,3.63,"Mandla, Madhya Pradesh",Off-season,9,53,120,545.18,6905,12771
CRAFT-1450,Terracotta clay,"Natural clay, Natural colors",22.6,10.5,49.6,0.81,"Dumka, Jharkhand",Festive,4,14,60,231.76,1072,2180
CRAFT-1451,Tribal handloom,"Cotton, Silk, Organic dyes",138.0,50.7,0.4,0.94,"Mandla, Madhya Pradesh",Monsoon,7,48,90,2155.85,6476,12699
CRAFT-1452,Tribal handloom,"Cotton, Silk, Organic dyes",226.5,84.0,0.2,1.25,"Kondagaon, Chhattisgarh",Wedding,7,58,75,1347.72,5698,10790
CRAFT-1453,Tribal handloom,"Cotton, Silk, Organic dyes",158.2,106.2,0.5,0.54,"Mandla, Madhya Pradesh",Off-season,8,40,90,540.64,4141,8079
CRAFT-1454,Tribal handloom,"Cotton, Silk, Organic dyes",158.4,87.9,0.5,0.38,"Kondagaon, Chhattisgarh",Wedding,8,37,100,1761.47,5461,11567
CRAFT-1455,Dokra bell metal,"Brass, Bell metal, Beeswax",15.8,20.0,26.8,1.62,"Bastar, Chhattisgarh",Off-season,10,49,75,564.13,4239,7822
CRAFT-1456,Woodcraft & carving,"Teak wood, Sal wood, Natural polish",49.8,12.7,28.5,5.18,"Bastar, Chhattisgarh",Monsoon,9,23,100,922.74,3223,6469
CRAFT-1457,Dokra bell metal,"Brass, Bell metal, Beeswax",17.1,5.1,34.1,3.2,"Bastar, Chhattisgarh",Monsoon,9,23,90,958.1,3028,4916
CRAFT-1458,Terracotta clay,"Natural clay, Natural colors",33.0,27.5,49.1,3.88,"Mandla, Madhya Pradesh",Off-season,8,18,100,336.96,2137,3983
CRAFT-1459,Bamboo & cane,"Bamboo, Cane, Natural fibers",53.4,39.7,10.9,0.75,"Dumka, Jharkhand",Monsoon,6,8,120,272.6,1233,2093
CRAFT-1460,Woodcraft & carving,"Teak wood, Sal wood, Natural polish",92.7,40.3,39.9,6.89,"Dumka, Jharkhand",Festive,6,44,120,1089.13,6369,12443
CRAFT-1461,Bamboo & cane,"Bamboo, Cane, Natural fibers",43.2,38.7,14.5,0.77,"Bastar, Chhattisgarh",Off-season,7,12,90,128.46,1208,2051
CRAFT-1462,Terracotta clay,"Natural clay, Natural colors",16.4,22.7,55.4,2.78,"Bastar, Chhattisgarh",Monsoon,5,18,60,140.13,1220,1733
CRAFT-1463,Bamboo & cane,"Bamboo, Cane, Natural fibers",67.5,36.4,32.9,0.96,"Bastar, Chhattisgarh",Wedding,3,10,120,223.09,1423,2618
CRAFT-1464,Woodcraft & carving,"Teak wood, Sal wood, Natural polish",95.1,35.5,26.2,3.43,"Kondagaon, Chhattisgarh",Monsoon,6,35,100,390.93,3891,6990
CRAFT-1465,Woodcraft & carving,"Teak wood, Sal wood, Natural polish",41.2,36.5,50.7,8.0,"Kondagaon, Chhattisgarh",Wedding,4,40,60,960.85,3361,5496
CRAFT-1466,Dokra bell metal,"Brass, Bell metal, Beeswax",7.2,15.5,21.1,2.01,"Dumka, Jharkhand",Festive,6,24,90,337.38,2497,4905
CRAFT-1467,Dokra bell metal,"Brass, Bell metal, Beeswax",6.0,15.0,19.7,3.64,"Mandla, Madhya Pradesh",Monsoon,7,48,100,1365.74,6166,9626
CRAFT-1468,Dokra bell metal,"Brass, Bell metal, Beeswax",27.5,19.9,34.8,3.46,"Dumka, Jharkhand",Festive,9,59,100,598.81,6499,15491
CRAFT-1469,Dokra bell metal,"Brass, Bell metal, Beeswax",26.5,20.0,17.2,0.64,"Bastar, Chhattisgarh",Wedding,6,60,60,793.43,4393,8504
CRAFT-1470,Bamboo & cane,"Bamboo, Cane, Natural fibers",11.6,24.4,32.4,1.79,"Mandla, Madhya Pradesh",Festive,7,14,75,128.19,1178,2638
CRAFT-1471,Terracotta clay,"Natural clay, Natural colors",32.9,11.2,51.9,3.29,"Kondagaon, Chhattisgarh",Off-season,5,18,100,260.29,2060,3659
CRAFT-1472,Terracotta clay,"Natural clay, Natural colors",35.9,27.6,39.0,4.96,"Dumka, Jharkhand",Off-season,4,18,100,322.15,2122,3138
CRAFT-1473,Bamboo & cane,"Bamboo, Cane, Natural fibers",26.0,33.9,37.5,2.8,"Kondagaon, Chhattisgarh",Monsoon,6,8,100,135.48,935,1712
CRAFT-1474,Bamboo & cane,"Bamboo, Cane, Natural fibers",24.8,49.8,39.3,2.02,"Kondagaon, Chhattisgarh",Off-season,4,14,60,251.1,1091,1722
CRAFT-1475,Woodcraft & carving,"Teak wood, Sal wood, Natural polish",56.4,37.0,43.9,4.36,"Bastar, Chhattisgarh",Off-season,6,30,75,1141.69,3392,5384
CRAFT-1476,Tribal handloom,"Cotton, Silk, Organic dyes",175.1,98.4,0.4,1.08,"Bastar, Chhattisgarh",Wedding,8,53,90,978.11,5748,12411
CRAFT-1477,Woodcraft & carving,"Teak wood, Sal wood, Natural polish",34.3,38.2,32.8,7.01,"Dumka, Jharkhand",Monsoon,8,17,90,1037.37,2567,4732
CRAFT-1478,Dokra bell metal,"Brass, Bell metal, Beeswax",5.5,16.7,28.3,2.95,"Dumka, Jharkhand",Off-season,8,54,120,1305.79,7786,15061
CRAFT-1479,Bamboo & cane,"Bamboo, Cane, Natural fibers",44.2,26.1,10.4,1.8,"Kondagaon, Chhattisgarh",Wedding,2,5,90,119.25,569,1089
CRAFT-1480,Bamboo & cane,"Bamboo, Cane, Natural fibers",50.8,33.7,17.4,0.35,"Kondagaon, Chhattisgarh",Wedding,7,4,120,57.94,538,1127
CRAFT-1481,Tribal handloom,"Cotton, Silk, Organic dyes",232.1,111.8,0.4,0.55,"Dumka, Jharkhand",Off-season,9,44,100,2212.29,6612,12918
CRAFT-1482,Terracotta clay,"Natural clay, Natural colors",15.9,32.1,24.3,4.11,"Dumka, Jharkhand",Off-season,7,10,100,399.12,1399,2253
CRAFT-1483,Dokra bell metal,"Brass, Bell metal, Beeswax",29.3,12.0,35.4,0.72,"Kondagaon, Chhattisgarh",Off-season,8,43,120,702.33,5862,10146
CRAFT-1484,Bamboo & cane,"Bamboo, Cane, Natural fibers",78.3,42.7,34.8,2.83,"Mandla, Madhya Pradesh",Festive,5,4,75,71.28,371,701
CRAFT-1485,Tribal handloom,"Cotton, Silk, Organic dyes",140.3,57.1,0.2,0.48,"Dumka, Jharkhand",Monsoon,8,46,100,2443.46,7043,12440
CRAFT-1486,Tribal handloom,"Cotton, Silk, Organic dyes",245.2,80.8,0.2,1.26,"Kondagaon, Chhattisgarh",Festive,9,21,75,1085.13,2660,5635
CRAFT-1487,Dokra bell metal,"Brass, Bell metal, Beeswax",11.4,10.3,30.2,0.72,"Bastar, Chhattisgarh",Wedding,7,49,90,552.61,4963,10902
CRAFT-1488,Terracotta clay,"Natural clay, Natural colors",14.4,20.3,53.2,1.2,"Dumka, Jharkhand",Monsoon,7,8,120,106.48,1066,1919
CRAFT-1489,Bamboo & cane,"Bamboo, Cane, Natural fibers",66.3,15.5,25.3,1.62,"Mandla, Madhya Pradesh",Wedding,6,15,60,86.02,986,1866
CRAFT-1490,Tribal handloom,"Cotton, Silk, Organic dyes",141.0,84.1,0.1,0.85,"Kondagaon, Chhattisgarh",Monsoon,5,67,75,1043.57,6069,10436
CRAFT-1491,Dokra bell metal,"Brass, Bell metal, Beeswax",16.5,15.9,27.2,2.84,"Bastar, Chhattisgarh",Monsoon,8,37,60,1232.46,3452,6525
CRAFT-1492,Tribal handloom,"Cotton, Silk, Organic dyes",147.1,87.7,0.4,1.49,"Bastar, Chhattisgarh",Off-season,6,71,120,2267.99,10788,17720
CRAFT-1493,Dokra bell metal,"Brass, Bell metal, Beeswax",23.5,12.4,24.5,3.43,"Dumka, Jharkhand",Off-season,10,23,75,733.68,2459,4778
CRAFT-1494,Terracotta clay,"Natural clay, Natural colors",22.2,19.8,32.7,3.93,"Bastar, Chhattisgarh",Wedding,7,13,120,120.32,1680,3640
CRAFT-1495,Woodcraft & carving,"Teak wood, Sal wood, Natural polish",59.2,35.8,21.5,5.97,"Kondagaon, Chhattisgarh",Wedding,9,28,90,572.17,3092,7808
CRAFT-1496,Woodcraft & carving,"Teak wood, Sal wood, Natural polish",31.3,32.8,19.3,3.51,"Mandla, Madhya Pradesh",Festive,5,36,60,418.71,2579,4581
CRAFT-1497,Dokra bell metal,"Brass, Bell metal, Beeswax",28.2,19.5,27.1,1.0,"Kondagaon, Chhattisgarh",Off-season,7,24,90,749.46,2909,5635
CRAFT-1498,Terracotta clay,"Natural clay, Natural colors",21.0,12.6,37.8,4.3,"Dumka, Jharkhand",Monsoon,4,13,100,334.7,1635,2253
CRAFT-1499,Tribal handloom,"Cotton, Silk, Organic dyes",132.7,111.2,0.2,0.62,"Dumka, Jharkhand",Festive,5,45,120,401.37,5801,12565
CRAFT-1500,Dokra bell metal,"Brass, Bell metal, Beeswax",24.8,14.4,32.5,1.03,"Mandla, Madhya Pradesh",Monsoon,9,35,120,849.99,5050,9222
CRAFT-1501,Bamboo & cane,"Bamboo, Cane, Natural fibers",74.5,11.6,15.2,0.78,"Bastar, Chhattisgarh",Monsoon,7,12,90,109.54,1190,2155
CRAFT-1502,Bamboo & cane,"Bamboo, Cane, Natural fibers",42.8,28.7,31.6,0.63,"Dumka, Jharkhand",Off-season,5,15,75,171.82,1297,2023
CRAFT-1503,Tribal handloom,"Cotton, Silk, Organic dyes",224.1,61.9,0.1,0.55,"Mandla, Madhya Pradesh",Wedding,7,41,120,1114.86,6035,13620
CRAFT-1504,Woodcraft & carving,"Teak wood, Sal wood, Natural polish",69.2,46.4,35.5,5.51,"Kondagaon, Chhattisgarh",Monsoon,6,13,60,250.24,1030,1414
CRAFT-1505,Bamboo & cane,"Bamboo, Cane, Natural fibers",68.7,16.4,5.9,1.46,"Dumka, Jharkhand",Festive,2,15,75,109.37,1234,2093
CRAFT-1506,Tribal handloom,"Cotton, Silk, Organic dyes",208.7,57.8,0.3,0.64,"Dumka, Jharkhand",Festive,8,32,75,764.34,3164,6593
CRAFT-1507,Dokra bell metal,"Brass, Bell metal, Beeswax",23.8,6.9,33.2,1.33,"Kondagaon, Chhattisgarh",Wedding,6,56,90,1112.87,6153,13437
CRAFT-1508,Dokra bell metal,"Brass, Bell metal, Beeswax",28.2,10.8,12.0,0.57,"Bastar, Chhattisgarh",Wedding,7,18,100,1292.23,3092,6309
CRAFT-1509,Dokra bell metal,"Brass, Bell metal, Beeswax",13.6,5.5,38.8,2.84,"Kondagaon, Chhattisgarh",Monsoon,6,60,60,1419.85,5020,8387
CRAFT-1510,Bamboo & cane,"Bamboo, Cane, Natural fibers",52.8,37.1,16.1,2.57,"Kondagaon, Chhattisgarh",Monsoon,2,4,120,286.79,767,1128
CRAFT-1511,Terracotta clay,"Natural clay, Natural colors",18.4,38.9,10.5,3.72,"Dumka, Jharkhand",Festive,3,15,60,306.0,1206,2323
CRAFT-1512,Tribal handloom,"Cotton, Silk, Organic dyes",248.5,71.8,0.2,0.39,"Kondagaon, Chhattisgarh",Monsoon,5,34,100,1329.88,4730,7684
CRAFT-1513,Bamboo & cane,"Bamboo, Cane, Natural fibers",75.5,17.4,18.0,2.8,"Bastar, Chhattisgarh",Festive,4,7,90,65.45,695,1168
CRAFT-1514,Terracotta clay,"Natural clay, Natural colors",14.9,27.9,17.5,4.86,"Dumka, Jharkhand",Off-season,8,9,60,222.95,763,1376
CRAFT-1515,Woodcraft & carving,"Teak wood, Sal wood, Natural polish",73.0,40.0,47.7,6.2,"Bastar, Chhattisgarh",Off-season,7,32,75,1104.36,3504,6008
CRAFT-1516,Terracotta clay,"Natural clay, Natural colors",32.7,11.7,10.3,1.46,"Dumka, Jharkhand",Monsoon,4,7,60,292.33,712,1142
CRAFT-1517,Terracotta clay,"Natural clay, Natural colors",36.9,37.3,25.7,3.61,"Bastar, Chhattisgarh",Monsoon,5,18,90,166.92,1787,2692
CRAFT-1518,Terracotta clay,"Natural clay, Natural colors",15.5,20.3,31.5,4.24,"Kondagaon, Chhattisgarh",Wedding,8,7,75,118.37,643,1337
CRAFT-1519,Woodcraft & carving,"Teak wood, Sal wood, Natural polish",59.4,22.0,39.8,4.9,"Mandla, Madhya Pradesh",Festive,9,29,75,364.41,2539,5376
CRAFT-1520,Woodcraft & carving,"Teak wood, Sal wood, Natural polish",63.7,46.1,27.2,7.6,"Kondagaon, Chhattisgarh",Monsoon,6,13,75,858.66,1834,3410
CRAFT-1521,Tribal handloom,"Cotton, Silk, Organic dyes",198.6,112.9,0.3,0.69,"Dumka, Jharkhand",Festive,6,51,120,422.7,6543,15034
CRAFT-1522,Bamboo & cane,"Bamboo, Cane, Natural fibers",66.1,14.2,25.2,1.5,"Bastar, Chhattisgarh",Wedding,4,4,100,79.68,480,1059
CRAFT-1523,Woodcraft & carving,"Teak wood, Sal wood, Natural polish",22.6,36.3,36.6,1.93,"Dumka, Jharkhand",Wedding,8,21,100,372.52,2473,5638
CRAFT-1524,Bamboo & cane,"Bamboo, Cane, Natural fibers",30.7,47.5,33.7,2.95,"Bastar, Chhattisgarh",Festive,2,6,75,114.92,565,959
CRAFT-1525,Bamboo & cane,"Bamboo, Cane, Natural fibers",13.5,12.1,29.2,1.48,"Bastar, Chhattisgarh",Monsoon,6,6,120,106.63,827,1368
CRAFT-1526,Tribal handloom,"Cotton, Silk, Organic dyes",137.9,90.4,0.2,1.29,"Dumka, Jharkhand",Monsoon,5,60,120,2123.46,9323,14111
CRAFT-1527,Woodcraft & carving,"Teak wood, Sal wood, Natural polish",84.5,23.1,20.5,1.76,"Kondagaon, Chhattisgarh",Wedding,4,29,60,666.69,2407,4175
CRAFT-1528,Woodcraft & carving,"Teak wood, Sal wood, Natural polish",87.3,18.8,29.0,8.28,"Kondagaon, Chhattisgarh",Off-season,8,30,100,1023.62,4024,6485
CRAFT-1529,Woodcraft & carving,"Teak wood, Sal wood, Natural polish",94.6,14.7,56.7,7.15,"Bastar, Chhattisgarh",Wedding,9,37,75,731.57,3507,7050
CRAFT-1530,Bamboo & cane,"Bamboo, Cane, Natural fibers",43.3,26.3,10.6,2.04,"Kondagaon, Chhattisgarh",Festive,5,3,100,292.79,593,1150
CRAFT-1531,Woodcraft & carving,"Teak wood, Sal wood, Natural polish",53.4,14.7,40.6,9.45,"Bastar, Chhattisgarh",Wedding,9,21,60,861.78,2122,4430
CRAFT-1532,Bamboo & cane,"Bamboo, Cane, Natural fibers",34.8,32.0,19.1,2.53,"Kondagaon, Chhattisgarh",Festive,3,9,90,253.67,1064,1817
CRAFT-1533,Woodcraft & carving,"Teak wood, Sal wood, Natural polish",28.5,24.2,30.7,7.08,"Mandla, Madhya Pradesh",Off-season,6,18,90,858.16,2478,3692
CRAFT-1534,Bamboo & cane,"Bamboo, Cane, Natural fibers",37.7,17.3,10.5,2.52,"Bastar, Chhattisgarh",Wedding,5,6,120,60.48,780,1384
CRAFT-1535,Bamboo & cane,"Bamboo, Cane, Natural fibers",45.2,39.3,38.5,0.82,"Mandla, Madhya Pradesh",Festive,5,9,120,271.55,1352,2910
CRAFT-1536,Dokra bell metal,"Brass, Bell metal, Beeswax",27.9,14.5,28.9,1.91,"Bastar, Chhattisgarh",Monsoon,10,25,90,1202.88,3453,6527
CRAFT-1537,Terracotta clay,"Natural clay, Natural colors",31.9,34.7,17.3,4.25,"Mandla, Madhya Pradesh",Festive,7,8,75,252.89,853,2095
CRAFT-1538,Woodcraft & carving,"Teak wood, Sal wood, Natural polish",54.5,25.2,55.8,3.26,"Bastar, Chhattisgarh",Festive,4,25,60,1044.21,2544,4285
CRAFT-1539,Tribal handloom,"Cotton, Silk, Organic dyes",186.0,72.8,0.1,0.63,"Mandla, Madhya Pradesh",Monsoon,6,31,60,413.4,2273,4240
CRAFT-1540,Woodcraft & carving,"Teak wood, Sal wood, Natural polish",97.3,25.8,46.4,4.11,"Dumka, Jharkhand",Off-season,6,25,100,871.09,3371,6006
CRAFT-1541,Dokra bell metal,"Brass, Bell metal, Beeswax",24.6,9.0,39.7,0.59,"Mandla, Madhya Pradesh",Festive,10,38,60,1024.23,3304,8210
CRAFT-1542,Woodcraft & carving,"Teak wood, Sal wood, Natural polish",75.0,14.8,56.9,2.63,"Bastar, Chhattisgarh",Off-season,5,43,60,822.75,3403,5341
CRAFT-1543,Tribal handloom,"Cotton, Silk, Organic dyes",162.6,61.2,0.2,0.8,"Bastar, Chhattisgarh",Monsoon,7,69,90,1990.29,8200,14084
CRAFT-1544,Dokra bell metal,"Brass, Bell metal, Beeswax",7.1,10.9,13.0,0.56,"Bastar, Chhattisgarh",Monsoon,6,38,75,1094.06,3944,6638
CRAFT-1545,Dokra bell metal,"Brass, Bell metal, Beeswax",5.6,17.5,39.2,0.97,"Mandla, Madhya Pradesh",Off-season,9,38,120,577.77,5138,10080
CRAFT-1546,Tribal handloom,"Cotton, Silk, Organic dyes",239.0,79.4,0.1,0.35,"Kondagaon, Chhattisgarh",Off-season,6,20,100,1605.29,3605,5984
CRAFT-1547,Bamboo & cane,"Bamboo, Cane, Natural fibers",10.8,41.5,15.7,0.31,"Kondagaon, Chhattisgarh",Wedding,7,15,60,197.09,1097,2216
CRAFT-1548,Dokra bell metal,"Brass, Bell metal, Beeswax",29.3,13.2,18.3,2.98,"Bastar, Chhattisgarh",Monsoon,8,21,75,625.79,2201,4512
CRAFT-1549,Woodcraft & carving,"Teak wood, Sal wood, Natural polish",24.0,27.0,51.6,8.25,"Kondagaon, Chhattisgarh",Monsoon,7,13,75,424.32,1399,2074
CRAFT-1550,Dokra bell metal,"Brass, Bell metal, Beeswax",25.4,19.0,12.9,2.08,"Bastar, Chhattisgarh",Festive,7,48,100,704.95,5505,10643
CRAFT-1551,Dokra bell metal,"Brass, Bell metal, Beeswax",13.4,10.9,25.9,1.06,"Dumka, Jharkhand",Festive,10,21,120,986.4,3506,8543
CRAFT-1552,Terracotta clay,"Natural clay, Natural colors",32.8,14.6,17.5,1.71,"Dumka, Jharkhand",Festive,7,6,100,195.54,796,1613
CRAFT-1553,Terracotta clay,"Natural clay, Natural colors",11.0,21.8,44.9,1.37,"Kondagaon, Chhattisgarh",Wedding,5,15,100,285.28,1785,3340
CRAFT-1554,Dokra bell metal,"Brass, Bell metal, Beeswax",27.2,18.4,18.9,1.3,"Mandla, Madhya Pradesh",Monsoon,8,29,60,793.56,2534,4585
CRAFT-1555,Terracotta clay,"Natural clay, Natural colors",30.2,34.7,29.8,1.2,"Kondagaon, Chhattisgarh",Festive,4,8,75,316.14,916,1710
CRAFT-1556,Tribal handloom,"Cotton, Silk, Organic dyes",200.7,68.9,0.1,1.49,"Dumka, Jharkhand",Wedding,8,27,120,728.02,3968,9938
CRAFT-1557,Dokra bell metal,"Brass, Bell metal, Beeswax",26.7,9.3,24.0,2.67,"Kondagaon, Chhattisgarh",Monsoon,8,44,90,793.43,4753,9306
CRAFT-1558,Bamboo & cane,"Bamboo, Cane, Natural fibers",33.1,32.6,34.8,0.76,"Bastar, Chhattisgarh",Off-season,7,6,120,283.61,1004,1848
CRAFT-1559,Bamboo & cane,"Bamboo, Cane, Natural fibers",64.6,10.6,33.6,0.31,"Kondagaon, Chhattisgarh",Wedding,3,3,75,272.48,497,1043
CRAFT-1560,Dokra bell metal,"Brass, Bell metal, Beeswax",12.4,8.2,33.0,1.39,"Dumka, Jharkhand",Festive,8,31,75,1338.67,3664,7698
CRAFT-1561,Bamboo & cane,"Bamboo, Cane, Natural fibers",32.7,37.1,25.8,1.89,"Dumka, Jharkhand",Monsoon,6,13,120,220.63,1781,3124
CRAFT-1562,Terracotta clay,"Natural clay, Natural colors",22.9,18.3,48.4,1.52,"Bastar, Chhattisgarh",Monsoon,3,9,60,301.55,842,1273
CRAFT-1563,Bamboo & cane,"Bamboo, Cane, Natural fibers",25.3,12.4,9.6,1.9,"Bastar, Chhattisgarh",Off-season,3,5,100,262.36,762,1072
CRAFT-1564,Dokra bell metal,"Brass, Bell metal, Beeswax",23.4,10.1,24.4,3.75,"Bastar, Chhattisgarh",Wedding,6,16,60,698.37,1658,3161
CRAFT-1565,Terracotta clay,"Natural clay, Natural colors",26.4,15.2,24.8,3.49,"Dumka, Jharkhand",Off-season,3,15,60,388.9,1289,1922
CRAFT-1566,Bamboo & cane,"Bamboo, Cane, Natural fibers",72.3,33.1,24.7,1.6,"Dumka, Jharkhand",Festive,3,11,100,67.35,1167,1762
CRAFT-1567,Tribal handloom,"Cotton, Silk, Organic dyes",237.6,78.5,0.2,1.16,"Dumka, Jharkhand",Festive,8,63,100,1016.04,7316,16910
CRAFT-1568,Terracotta clay,"Natural clay, Natural colors",30.9,37.0,49.6,3.54,"Mandla, Madhya Pradesh",Off-season,4,13,90,297.48,1467,2383
CRAFT-1569,Tribal handloom,"Cotton, Silk, Organic dyes",199.3,94.4,0.3,0.32,"Kondagaon, Chhattisgarh",Festive,9,59,120,1930.43,9010,18962
CRAFT-1570,Terracotta clay,"Natural clay, Natural colors",30.0,26.7,27.1,1.11,"Mandla, Madhya Pradesh",Monsoon,6,20,60,110.21,1310,2388
CRAFT-1571,Bamboo & cane,"Bamboo, Cane, Natural fibers",17.2,26.1,30.5,2.38,"Mandla, Madhya Pradesh",Monsoon,3,8,75,79.55,680,944
CRAFT-1572,Woodcraft & carving,"Teak wood, Sal wood, Natural polish",77.0,24.3,22.7,1.12,"Kondagaon, Chhattisgarh",Festive,7,32,100,740.3,3940,8916
CRAFT-1573,Woodcraft & carving,"Teak wood, Sal wood, Natural polish",61.2,13.4,37.4,4.42,"Dumka, Jharkhand",Wedding,8,42,90,807.14,4587,10066
CRAFT-1574,Tribal handloom,"Cotton, Silk, Organic dyes",136.0,56.6,0.2,0.42,"Mandla, Madhya Pradesh",Off-season,5,40,120,771.48,5571,10641
CRAFT-1575,Terracotta clay,"Natural clay, Natural colors",36.2,39.9,39.1,4.16,"Bastar, Chhattisgarh",Wedding,3,20,120,184.62,2585,3903
CRAFT-1576,Dokra bell metal,"Brass, Bell metal, Beeswax",15.1,15.1,30.5,1.6,"Kondagaon, Chhattisgarh",Off-season,6,30,75,459.85,2710,4752
CRAFT-1577,Dokra bell metal,"Brass, Bell metal, Beeswax",22.3,15.5,32.6,3.56,"Bastar, Chhattisgarh",Off-season,10,39,90,899.95,4410,8534
CRAFT-1578,Terracotta clay,"Natural clay, Natural colors",28.6,15.6,11.3,1.78,"Kondagaon, Chhattisgarh",Off-season,7,15,90,221.77,1572,2772
CRAFT-1579,Woodcraft & carving,"Teak wood, Sal wood, Natural polish",30.0,48.5,15.4,5.31,"Bastar, Chhattisgarh",Wedding,8,46,75,785.56,4236,9521
CRAFT-1580,Woodcraft & carving,"Teak wood, Sal wood, Natural polish",26.9,12.3,15.3,6.27,"Kondagaon, Chhattisgarh",Monsoon,8,29,75,744.34,2919,5308
CRAFT-1581,Tribal handloom,"Cotton, Silk, Organic dyes",106.2,84.9,0.4,0.6,"Bastar, Chhattisgarh",Festive,5,34,120,1046.32,5126,10467
CRAFT-1582,Terracotta clay,"Natural clay, Natural colors",36.9,34.3,39.2,3.79,"Bastar, Chhattisgarh",Monsoon,3,15,120,196.74,1997,2859
CRAFT-1583,Terracotta clay,"Natural clay, Natural colors",31.1,26.7,27.9,4.6,"Kondagaon, Chhattisgarh",Wedding,8,10,90,86.7,987,2061
CRAFT-1584,Bamboo & cane,"Bamboo, Cane, Natural fibers",14.0,40.7,29.6,1.13,"Bastar, Chhattisgarh",Off-season,6,13,75,218.92,1194,1948
CRAFT-1585,Bamboo & cane,"Bamboo, Cane, Natural fibers",38.9,47.4,13.8,0.54,"Mandla, Madhya Pradesh",Festive,4,13,100,196.14,1496,3308
CRAFT-1586,Woodcraft & carving,"Teak wood, Sal wood, Natural polish",50.2,12.5,27.0,5.55,"Bastar, Chhattisgarh",Wedding,6,30,75,361.92,2612,5149
CRAFT-1587,Terracotta clay,"Natural clay, Natural colors",13.5,36.5,30.7,2.24,"Dumka, Jharkhand",Monsoon,8,15,75,291.1,1416,2332
CRAFT-1588,Woodcraft & carving,"Teak wood, Sal wood, Natural polish",71.9,12.5,50.7,9.46,"Mandla, Madhya Pradesh",Off-season,9,47,75,848.77,4374,8959
CRAFT-1589,Tribal handloom,"Cotton, Silk, Organic dyes",190.3,90.7,0.3,0.71,"Mandla, Madhya Pradesh",Wedding,6,31,60,666.33,2526,4712
CRAFT-1590,Woodcraft & carving,"Teak wood, Sal wood, Natural polish",33.0,39.4,20.4,1.53,"Dumka, Jharkhand",Festive,5,48,90,752.37,5072,10187
CRAFT-1591,Woodcraft & carving,"Teak wood, Sal wood, Natural polish",47.6,42.1,37.0,1.71,"Kondagaon, Chhattisgarh",Festive,7,19,90,765.85,2476,5930
CRAFT-1592,Bamboo & cane,"Bamboo, Cane, Natural fibers",37.7,21.9,10.0,0.62,"Kondagaon, Chhattisgarh",Wedding,4,4,60,158.19,398,779
CRAFT-1593,Dokra bell metal,"Brass, Bell metal, Beeswax",25.7,6.2,24.3,2.71,"Dumka, Jharkhand",Festive,8,28,75,1294.38,3394,8417
CRAFT-1594,Bamboo & cane,"Bamboo, Cane, Natural fibers",29.4,47.6,9.4,2.65,"Mandla, Madhya Pradesh",Wedding,2,13,60,292.74,1073,1760
CRAFT-1595,Bamboo & cane,"Bamboo, Cane, Natural fibers",50.6,47.4,28.5,1.55,"Dumka, Jharkhand",Monsoon,7,8,75,252.42,852,1424
CRAFT-1596,Tribal handloom,"Cotton, Silk, Organic dyes",103.3,118.8,0.1,1.28,"Dumka, Jharkhand",Monsoon,7,54,100,988.7,6389,11421
CRAFT-1597,Bamboo & cane,"Bamboo, Cane, Natural fibers",36.7,12.2,26.0,2.73,"Dumka, Jharkhand",Off-season,3,9,60,145.8,686,927
CRAFT-1598,Bamboo & cane,"Bamboo, Cane, Natural fibers",41.0,11.9,33.7,2.51,"Mandla, Madhya Pradesh",Festive,4,6,60,197.0,557,1025
CRAFT-1599,Bamboo & cane,"Bamboo, Cane, Natural fibers",67.8,35.3,32.5,1.88,"Mandla, Madhya Pradesh",Off-season,5,4,60,153.54,394,746
CRAFT-1600,Woodcraft & carving,"Teak wood, Sal wood, Natural polish",63.3,34.2,21.0,6.63,"Bastar, Chhattisgarh",Wedding,8,49,100,771.61,5672,11690
CRAFT-1601,Bamboo & cane,"Bamboo, Cane, Natural fibers",63.5,30.9,12.9,2.07,"Dumka, Jharkhand",Off-season,6,8,75,70.03,670,1085
CRAFT-1602,Bamboo & cane,"Bamboo, Cane, Natural fibers",21.4,17.4,12.1,1.28,"Bastar, Chhattisgarh",Wedding,3,5,100,62.79,563,844
CRAFT-1603,Woodcraft & carving,"Teak wood, Sal wood, Natural polish",50.6,43.6,17.3,5.55,"Mandla, Madhya Pradesh",Wedding,6,25,60,262.04,1762,3602
CRAFT-1604,Bamboo & cane,"Bamboo, Cane, Natural fibers",50.2,32.6,35.7,1.76,"Dumka, Jharkhand",Monsoon,3,2,90,289.95,470,645
CRAFT-1605,Bamboo & cane,"Bamboo, Cane, Natural fibers",55.2,11.8,38.1,2.56,"Dumka, Jharkhand",Festive,4,15,120,124.15,1924,3077
CRAFT-1606,Tribal handloom,"Cotton, Silk, Organic dyes",125.5,58.9,0.1,0.92,"Kondagaon, Chhattisgarh",Festive,5,33,75,916.28,3391,6739
CRAFT-1607,Dokra bell metal,"Brass, Bell metal, Beeswax",6.9,5.1,30.1,2.75,"Bastar, Chhattisgarh",Monsoon,6,34,100,792.95,4193,6327
CRAFT-1608,Tribal handloom,"Cotton, Silk, Organic dyes",162.3,51.7,0.2,0.51,"Dumka, Jharkhand",Wedding,5,61,120,606.69,7927,18160
CRAFT-1609,Tribal handloom,"Cotton, Silk, Organic dyes",147.3,77.5,0.2,0.42,"Kondagaon, Chhattisgarh",Wedding,8,43,75,775.97,4001,9566
CRAFT-1610,Tribal handloom,"Cotton, Silk, Organic dyes",201.6,88.3,0.3,1.41,"Bastar, Chhattisgarh",Wedding,8,49,90,552.74,4963,10975
CRAFT-1611,Terracotta clay,"Natural clay, Natural colors",39.8,17.2,53.7,4.24,"Mandla, Madhya Pradesh",Festive,4,8,60,151.89,632,1123
CRAFT-1612,Dokra bell metal,"Brass, Bell metal, Beeswax",15.2,19.7,15.4,3.3,"Dumka, Jharkhand",Off-season,10,18,100,701.03,2501,5539
CRAFT-1613,Woodcraft & carving,"Teak wood, Sal wood, Natural polish",86.6,42.2,53.3,1.54,"Dumka, Jharkhand",Monsoon,8,25,100,892.05,3392,5228
CRAFT-1614,Dokra bell metal,"Brass, Bell metal, Beeswax",15.4,13.2,22.1,2.32,"Bastar, Chhattisgarh",Monsoon,6,47,120,1495.83,7136,10640
CRAFT-1615,Woodcraft & carving,"Teak wood, Sal wood, Natural polish",30.6,16.3,57.5,8.92,"Kondagaon, Chhattisgarh",Festive,7,21,75,1107.04,2682,6709
CRAFT-1616,Terracotta clay,"Natural clay, Natural colors",16.2,20.7,43.5,2.68,"Kondagaon, Chhattisgarh",Off-season,3,18,60,213.88,1294,2020
CRAFT-1617,Tribal handloom,"Cotton, Silk, Organic dyes",124.2,83.0,0.3,0.98,"Kondagaon, Chhattisgarh",Off-season,9,36,90,841.23,4081,8815
CRAFT-1618,Bamboo & cane,"Bamboo, Cane, Natural fibers",11.8,24.2,32.3,1.78,"Bastar, Chhattisgarh",Monsoon,6,8,120,115.29,1075,2018
CRAFT-1619,Dokra bell metal,"Brass, Bell metal, Beeswax",23.4,14.2,24.6,0.97,"Mandla, Madhya Pradesh",Monsoon,6,59,120,613.6,7694,12992
CRAFT-1620,Woodcraft & carving,"Teak wood, Sal wood, Natural polish",67.9,30.5,24.4,1.06,"Dumka, Jharkhand",Festive,7,19,75,696.24,2121,4413
CRAFT-1621,Woodcraft & carving,"Teak wood, Sal wood, Natural polish",34.0,28.9,14.6,6.63,"Bastar, Chhattisgarh",Festive,8,16,90,750.53,2191,4724
CRAFT-1622,Woodcraft & carving,"Teak wood, Sal wood, Natural polish",61.7,45.9,19.8,1.2,"Mandla, Madhya Pradesh",Monsoon,6,34,100,1061.66,4462,7743
CRAFT-1623,Woodcraft & carving,"Teak wood, Sal wood, Natural polish",84.8,27.2,47.5,9.22,"Dumka, Jharkhand",Festive,5,27,100,772.12,3472,6624
CRAFT-1624,Terracotta clay,"Natural clay, Natural colors",18.1,16.0,22.3,1.88,"Dumka, Jharkhand",Festive,6,15,75,257.64,1383,3127
CRAFT-1625,Bamboo & cane,"Bamboo, Cane, Natural fibers",15.7,13.5,11.0,1.65,"Dumka, Jharkhand",Wedding,4,2,90,103.5,284,477
CRAFT-1626,Dokra bell metal,"Brass, Bell metal, Beeswax",15.0,17.2,10.4,2.77,"Mandla, Madhya Pradesh",Wedding,9,59,60,1102.65,4643,12411
CRAFT-1627,Terracotta clay,"Natural clay, Natural colors",29.9,30.4,56.6,4.99,"Kondagaon, Chhattisgarh",Wedding,8,19,90,310.45,2020,3912
CRAFT-1628,Dokra bell metal,"Brass, Bell metal, Beeswax",27.0,5.7,16.9,3.64,"Dumka, Jharkhand",Festive,7,43,75,607.43,3832,8401
CRAFT-1629,Tribal handloom,"Cotton, Silk, Organic dyes",135.9,103.1,0.4,0.68,"Dumka, Jharkhand",Wedding,5,52,75,1262.43,5162,9482
CRAFT-1630,Bamboo & cane,"Bamboo, Cane, Natural fibers",78.4,35.8,37.7,1.05,"Mandla, Madhya Pradesh",Monsoon,3,14,120,245.47,1925,2883
CRAFT-1631,Woodcraft & carving,"Teak wood, Sal wood, Natural polish",73.7,39.2,38.8,2.86,"Bastar, Chhattisgarh",Off-season,5,22,60,704.46,2024,3121
CRAFT-1632,Terracotta clay,"Natural clay, Natural colors",22.8,29.4,47.3,1.55,"Bastar, Chhattisgarh",Monsoon,3,16,75,209.7,1410,2070
CRAFT-1633,Dokra bell metal,"Brass, Bell metal, Beeswax",27.7,10.6,32.5,3.64,"Mandla, Madhya Pradesh",Monsoon,10,40,60,1315.35,3715,6570
CRAFT-1634,Bamboo & cane,"Bamboo, Cane, Natural fibers",76.9,25.1,16.9,0.37,"Kondagaon, Chhattisgarh",Wedding,5,11,100,171.54,1272,2193
CRAFT-1635,Terracotta clay,"Natural clay, Natural colors",34.3,36.3,25.1,4.36,"Dumka, Jharkhand",Wedding,5,10,90,354.31,1254,2432
CRAFT-1636,Bamboo & cane,"Bamboo, Cane, Natural fibers",20.3,37.6,38.1,2.11,"Mandla, Madhya Pradesh",Festive,5,2,75,132.9,283,556
CRAFT-1637,Woodcraft & carving,"Teak wood, Sal wood, Natural polish",29.6,22.5,50.1,8.75,"Kondagaon, Chhattisgarh",Off-season,9,24,75,337.3,2137,4879
CRAFT-1638,Dokra bell metal,"Brass, Bell metal, Beeswax",13.2,14.9,32.6,3.34,"Dumka, Jharkhand",Festive,6,45,75,1434.9,4810,9873
CRAFT-1639,Terracotta clay,"Natural clay, Natural colors",30.3,17.6,53.7,1.26,"Bastar, Chhattisgarh",Off-season,5,14,90,97.16,1357,2401
CRAFT-1640,Tribal handloom,"Cotton, Silk, Organic dyes",171.3,109.4,0.3,0.5,"Dumka, Jharkhand",Wedding,8,36,75,2156.53,4857,11033
CRAFT-1641,Tribal handloom,"Cotton, Silk, Organic dyes",176.7,92.3,0.3,1.29,"Mandla, Madhya Pradesh",Monsoon,9,26,60,2142.08,3702,6962
CRAFT-1642,Woodcraft & carving,"Teak wood, Sal wood, Natural polish",28.4,43.6,43.6,7.27,"Mandla, Madhya Pradesh",Wedding,6,16,100,562.98,2163,4584
CRAFT-1643,Bamboo & cane,"Bamboo, Cane, Natural fibers",38.5,45.5,6.7,2.89,"Mandla, Madhya Pradesh",Wedding,7,7,90,219.79,850,1868
CRAFT-1644,Dokra bell metal,"Brass, Bell metal, Beeswax",11.8,8.7,38.3,1.54,"Mandla, Madhya Pradesh",Off-season,7,48,75,1230.61,4831,8473
CRAFT-1645,Bamboo & cane,"Bamboo, Cane, Natural fibers",35.8,24.3,17.0,1.66,"Dumka, Jharkhand",Wedding,7,4,60,160.17,400,909
CRAFT-1646,Tribal handloom,"Cotton, Silk, Organic dyes",175.8,85.5,0.2,1.48,"Mandla, Madhya Pradesh",Wedding,8,45,100,924.94,5425,11376
CRAFT-1647,Bamboo & cane,"Bamboo, Cane, Natural fibers",39.1,26.9,32.5,0.75,"Kondagaon, Chhattisgarh",Wedding,7,13,75,255.06,1230,2895
CRAFT-1648,Woodcraft & carving,"Teak wood, Sal wood, Natural polish",53.5,28.3,22.8,7.77,"Dumka, Jharkhand",Wedding,8,29,75,712.87,2888,6322
CRAFT-1649,Woodcraft & carving,"Teak wood, Sal wood, Natural polish",47.6,12.2,20.2,4.77,"Kondagaon, Chhattisgarh",Wedding,4,40,75,419.63,3420,5727
CRAFT-1650,Dokra bell metal,"Brass, Bell metal, Beeswax",27.9,17.7,32.3,1.09,"Kondagaon, Chhattisgarh",Wedding,6,29,90,444.44,3054,5750
CRAFT-1651,Terracotta clay,"Natural clay, Natural colors",22.9,13.6,35.6,2.07,"Mandla, Madhya Pradesh",Monsoon,5,16,90,199.94,1640,2753
CRAFT-1652,Woodcraft & carving,"Teak wood, Sal wood, Natural polish",77.5,14.4,11.8,9.95,"Mandla, Madhya Pradesh",Monsoon,4,40,60,432.73,2833,4277
CRAFT-1653,Woodcraft & carving,"Teak wood, Sal wood, Natural polish",47.3,27.8,43.8,5.58,"Bastar, Chhattisgarh",Monsoon,5,42,60,1061.45,3581,6106
CRAFT-1654,Tribal handloom,"Cotton, Silk, Organic dyes",101.5,104.5,0.3,1.49,"Mandla, Madhya Pradesh",Monsoon,5,75,75,1414.79,7040,12044
CRAFT-1655,Terracotta clay,"Natural clay, Natural colors",26.2,39.8,52.9,0.94,"Kondagaon, Chhattisgarh",Wedding,6,19,75,306.04,1731,3542
CRAFT-1656,Dokra bell metal,"Brass, Bell metal, Beeswax",5.2,11.1,17.0,3.37,"Kondagaon, Chhattisgarh",Festive,9,36,75,704.8,3405,7885
CRAFT-1657,Dokra bell metal,"Brass, Bell metal, Beeswax",6.7,7.8,26.7,1.52,"Bastar, Chhattisgarh",Festive,9,32,75,800.87,3201,6794
CRAFT-1658,Terracotta clay,"Natural clay, Natural colors",36.3,37.2,34.6,1.99,"Kondagaon, Chhattisgarh",Monsoon,3,9,120,114.18,1194,1932
CRAFT-1659,Tribal handloom,"Cotton, Silk, Organic dyes",144.7,72.4,0.2,1.24,"Dumka, Jharkhand",Monsoon,8,50,100,657.25,5657,10401
CRAFT-1660,Bamboo & cane,"Bamboo, Cane, Natural fibers",18.7,12.8,36.8,0.73,"Bastar, Chhattisgarh",Off-season,7,7,60,255.31,675,1231
CRAFT-1661,Dokra bell metal,"Brass, Bell metal, Beeswax",9.2,17.8,10.4,2.29,"Kondagaon, Chhattisgarh",Festive,6,55,75,1223.33,5348,11547
CRAFT-1662,Terracotta clay,"Natural clay, Natural colors",37.3,34.6,54.4,1.4,"Mandla, Madhya Pradesh",Wedding,4,8,100,170.94,971,1620
CRAFT-1663,Woodcraft & carving,"Teak wood, Sal wood, Natural polish",63.6,16.4,44.6,2.51,"Mandla, Madhya Pradesh",Off-season,4,12,90,510.31,1590,2284
CRAFT-1664,Dokra bell metal,"Brass, Bell metal, Beeswax",24.9,16.1,29.4,1.05,"Dumka, Jharkhand",Wedding,9,58,75,956.45,5306,10317
CRAFT-1665,Dokra bell metal,"Brass, Bell metal, Beeswax",6.0,9.1,38.7,3.84,"Dumka, Jharkhand",Wedding,7,25,100,722.79,3223,5614
CRAFT-1666,Bamboo & cane,"Bamboo, Cane, Natural fibers",22.5,25.7,38.2,0.6,"Kondagaon, Chhattisgarh",Off-season,7,4,75,240.88,541,873
CRAFT-1667,Bamboo & cane,"Bamboo, Cane, Natural fibers",64.3,23.7,27.0,0.74,"Kondagaon, Chhattisgarh",Festive,4,13,60,86.51,867,1780
CRAFT-1668,Tribal handloom,"Cotton, Silk, Organic dyes",237.6,112.1,0.4,1.27,"Mandla, Madhya Pradesh",Festive,9,23,60,544.98,1925,4428
CRAFT-1669,Bamboo & cane,"Bamboo, Cane, Natural fibers",34.9,15.9,25.9,2.48,"Bastar, Chhattisgarh",Festive,5,9,100,145.53,1046,1755
CRAFT-1670,Bamboo & cane,"Bamboo, Cane, Natural fibers",23.8,19.5,15.5,2.0,"Mandla, Madhya Pradesh",Monsoon,7,4,75,200.24,500,962
CRAFT-1671,Bamboo & cane,"Bamboo, Cane, Natural fibers",24.3,28.8,33.0,0.7,"Mandla, Madhya Pradesh",Monsoon,7,3,120,77.47,437,808
CRAFT-1672,Dokra bell metal,"Brass, Bell metal, Beeswax",13.6,15.3,10.8,2.92,"Kondagaon, Chhattisgarh",Monsoon,6,47,120,679.32,6319,9052
CRAFT-1673,Bamboo & cane,"Bamboo, Cane, Natural fibers",37.1,13.2,10.2,1.03,"Mandla, Madhya Pradesh",Festive,2,9,75,72.44,747,1429
CRAFT-1674,Woodcraft & carving,"Teak wood, Sal wood, Natural polish",20.5,29.4,16.2,3.77,"Kondagaon, Chhattisgarh",Wedding,8,22,90,1126.06,3106,6426
CRAFT-1675,Tribal handloom,"Cotton, Silk, Organic dyes",232.7,88.8,0.3,0.53,"Mandla, Madhya Pradesh",Off-season,5,55,100,749.08,6249,11911
CRAFT-1676,Terracotta clay,"Natural clay, Natural colors",19.8,21.2,48.0,2.02,"Dumka, Jharkhand",Wedding,4,5,60,384.66,685,1407
CRAFT-1677,Bamboo & cane,"Bamboo, Cane, Natural fibers",13.5,20.3,21.3,0.84,"Bastar, Chhattisgarh",Monsoon,3,3,120,235.98,596,978
CRAFT-1678,Bamboo & cane,"Bamboo, Cane, Natural fibers",39.7,23.7,38.7,1.45,"Bastar, Chhattisgarh",Wedding,7,5,100,172.26,672,1384
CRAFT-1679,Dokra bell metal,"Brass, Bell metal, Beeswax",24.1,17.2,20.3,2.02,"Mandla, Madhya Pradesh",Monsoon,6,21,75,1318.17,2893,4958
CRAFT-1680,Bamboo & cane,"Bamboo, Cane, Natural fibers",65.6,47.6,26.8,2.28,"Mandla, Madhya Pradesh",Wedding,7,7,100,251.27,951,2082
CRAFT-1681,Bamboo & cane,"Bamboo, Cane, Natural fibers",38.1,37.0,20.8,2.3,"Bastar, Chhattisgarh",Festive,2,15,75,139.25,1264,2214
CRAFT-1682,Terracotta clay,"Natural clay, Natural colors",15.6,32.5,37.3,1.42,"Mandla, Madhya Pradesh",Wedding,6,13,60,173.41,953,1878
CRAFT-1683,Dokra bell metal,"Brass, Bell metal, Beeswax",29.2,15.7,38.7,1.99,"Mandla, Madhya Pradesh",Off-season,6,40,100,870.12,4870,8845
CRAFT-1684,Tribal handloom,"Cotton, Silk, Organic dyes",178.8,99.5,0.2,0.84,"Mandla, Madhya Pradesh",Monsoon,8,71,100,659.24,7759,13929
CRAFT-1685,Terracotta clay,"Natural clay, Natural colors",26.5,14.6,46.4,3.2,"Bastar, Chhattisgarh",Off-season,8,6,75,314.0,764,1499
CRAFT-1686,Bamboo & cane,"Bamboo, Cane, Natural fibers",78.3,32.9,17.0,2.02,"Dumka, Jharkhand",Monsoon,6,12,100,67.11,1267,2272
CRAFT-1687,Terracotta clay,"Natural clay, Natural colors",34.5,27.9,29.7,2.63,"Dumka, Jharkhand",Wedding,7,5,75,353.46,728,1428
CRAFT-1688,Tribal handloom,"Cotton, Silk, Organic dyes",230.4,56.2,0.4,1.32,"Dumka, Jharkhand",Festive,8,48,60,781.82,3662,8089
CRAFT-1689,Bamboo & cane,"Bamboo, Cane, Natural fibers",47.5,35.4,11.9,0.79,"Mandla, Madhya Pradesh",Wedding,2,13,120,60.37,1620,2570
CRAFT-1690,Woodcraft & carving,"Teak wood, Sal wood, Natural polish",64.8,44.3,43.3,4.92,"Kondagaon, Chhattisgarh",Wedding,8,43,120,1153.12,6313,14427
CRAFT-1691,Bamboo & cane,"Bamboo, Cane, Natural fibers",28.1,12.1,30.4,0.54,"Dumka, Jharkhand",Off-season,5,7,100,125.69,826,1402
CRAFT-1692,Terracotta clay,"Natural clay, Natural colors",26.9,28.0,18.3,2.21,"Bastar, Chhattisgarh",Festive,8,10,120,277.5,1478,3593
CRAFT-1693,Tribal handloom,"Cotton, Silk, Organic dyes",214.3,91.4,0.2,1.1,"Dumka, Jharkhand",Off-season,5,68,100,1709.1,8509,14246
CRAFT-1694,Dokra bell metal,"Brass, Bell metal, Beeswax",17.2,12.9,20.0,2.32,"Kondagaon, Chhattisgarh",Wedding,8,18,120,537.07,2697,6851
CRAFT-1695,Terracotta clay,"Natural clay, Natural colors",23.1,18.3,37.9,2.06,"Dumka, Jharkhand",Monsoon,4,7,100,378.52,1079,1754
CRAFT-1696,Tribal handloom,"Cotton, Silk, Organic dyes",175.4,73.0,0.4,0.34,"Dumka, Jharkhand",Festive,8,48,90,1397.01,5717,13069
CRAFT-1697,Bamboo & cane,"Bamboo, Cane, Natural fibers",44.0,13.4,39.0,1.65,"Dumka, Jharkhand",Festive,2,8,100,203.55,1004,1660
CRAFT-1698,Bamboo & cane,"Bamboo, Cane, Natural fibers",43.8,27.2,7.6,0.5,"Bastar, Chhattisgarh",Festive,6,11,90,259.37,1249,2405
CRAFT-1699,Woodcraft & carving,"Teak wood, Sal wood, Natural polish",81.5,12.5,38.8,2.07,"Kondagaon, Chhattisgarh",Monsoon,6,33,60,236.46,2216,3171
CRAFT-1700,Terracotta clay,"Natural clay, Natural colors",35.0,13.5,12.3,2.47,"Dumka, Jharkhand",Wedding,7,20,90,350.08,2150,4201
CRAFT-1701,Tribal handloom,"Cotton, Silk, Organic dyes",167.4,90.4,0.3,0.7,"Bastar, Chhattisgarh",Festive,6,20,90,1062.62,2863,5325
CRAFT-1702,Dokra bell metal,"Brass, Bell metal, Beeswax",14.2,6.5,33.0,3.88,"Mandla, Madhya Pradesh",Wedding,6,17,75,1464.09,2739,6436
CRAFT-1703,Tribal handloom,"Cotton, Silk, Organic dyes",142.8,94.2,0.3,0.88,"Kondagaon, Chhattisgarh",Monsoon,5,36,120,1991.33,6311,10202
CRAFT-1704,Terracotta clay,"Natural clay, Natural colors",19.5,37.7,12.8,2.69,"Kondagaon, Chhattisgarh",Festive,6,11,100,372.1,1472,2804
CRAFT-1705,Terracotta clay,"Natural clay, Natural colors",20.3,35.6,38.0,2.82,"Mandla, Madhya Pradesh",Festive,6,6,120,111.87,832,1547
CRAFT-1706,Bamboo & cane,"Bamboo, Cane, Natural fibers",77.5,25.1,26.1,0.42,"Dumka, Jharkhand",Monsoon,7,11,120,220.78,1541,2788
CRAFT-1707,Terracotta clay,"Natural clay, Natural colors",27.5,33.0,30.3,4.46,"Dumka, Jharkhand",Festive,7,6,120,287.58,1008,2315
CRAFT-1708,Tribal handloom,"Cotton, Silk, Organic dyes",193.5,59.2,0.2,0.54,"Dumka, Jharkhand",Off-season,9,31,75,2308.54,4634,8643
CRAFT-1709,Bamboo & cane,"Bamboo, Cane, Natural fibers",22.9,40.3,21.6,0.83,"Dumka, Jharkhand",Wedding,6,8,100,204.16,1004,1946
CRAFT-1710,Woodcraft & carving,"Teak wood, Sal wood, Natural polish",46.1,28.7,17.4,9.86,"Kondagaon, Chhattisgarh",Wedding,7,31,90,409.1,3199,6437
CRAFT-1711,Tribal handloom,"Cotton, Silk, Organic dyes",163.8,89.6,0.1,0.34,"Kondagaon, Chhattisgarh",Off-season,8,58,120,1336.23,8296,15495
CRAFT-1712,Dokra bell metal,"Brass, Bell metal, Beeswax",27.1,6.3,26.2,3.7,"Mandla, Madhya Pradesh",Off-season,7,28,120,765.57,4126,7294
CRAFT-1713,Dokra bell metal,"Brass, Bell metal, Beeswax",28.5,9.1,20.0,2.95,"Mandla, Madhya Pradesh",Off-season,7,47,120,1218.38,6858,13998
CRAFT-1714,Dokra bell metal,"Brass, Bell metal, Beeswax",10.1,17.0,32.2,0.72,"Bastar, Chhattisgarh",Wedding,10,45,120,764.67,6165,14731
CRAFT-1715,Woodcraft & carving,"Teak wood, Sal wood, Natural polish",98.1,25.1,50.1,4.91,"Dumka, Jharkhand",Wedding,7,10,120,1069.53,2270,4672
CRAFT-1716,Bamboo & cane,"Bamboo, Cane, Natural fibers",76.3,18.8,16.4,2.32,"Bastar, Chhattisgarh",Monsoon,3,2,60,148.44,268,443
CRAFT-1717,Terracotta clay,"Natural clay, Natural colors",16.8,11.8,25.0,2.63,"Mandla, Madhya Pradesh",Off-season,5,13,75,133.77,1109,1716
CRAFT-1718,Bamboo & cane,"Bamboo, Cane, Natural fibers",38.0,12.3,25.4,2.68,"Mandla, Madhya Pradesh",Off-season,6,2,90,87.94,268,442
CRAFT-1719,Tribal handloom,"Cotton, Silk, Organic dyes",205.2,78.8,0.3,0.31,"Bastar, Chhattisgarh",Off-season,9,44,75,1852.61,5153,10928
CRAFT-1720,Woodcraft & carving,"Teak wood, Sal wood, Natural polish",23.1,24.7,59.0,4.79,"Mandla, Madhya Pradesh",Festive,7,34,100,701.95,4102,9636
CRAFT-1721,Dokra bell metal,"Brass, Bell metal, Beeswax",24.9,18.0,23.7,2.16,"Bastar, Chhattisgarh",Festive,8,27,120,763.26,4003,10342
CRAFT-1722,Tribal handloom,"Cotton, Silk, Organic dyes",204.6,55.8,0.4,0.88,"Kondagaon, Chhattisgarh",Wedding,9,54,120,544.38,7024,16841
CRAFT-1723,Terracotta clay,"Natural clay, Natural colors",16.1,34.8,37.9,0.75,"Kondagaon, Chhattisgarh",Wedding,6,10,60,390.99,991,1993
CRAFT-1724,Terracotta clay,"Natural clay, Natural colors",18.7,24.1,52.9,1.87,"Kondagaon, Chhattisgarh",Festive,6,6,100,141.66,742,1462
CRAFT-1725,Dokra bell metal,"Brass, Bell metal, Beeswax",16.8,8.4,15.0,1.66,"Mandla, Madhya Pradesh",Off-season,7,52,90,1427.91,6108,10013
CRAFT-1726,Bamboo & cane,"Bamboo, Cane, Natural fibers",79.2,29.4,11.3,2.7,"Mandla, Madhya Pradesh",Monsoon,7,4,60,165.09,405,751
CRAFT-1727,Terracotta clay,"Natural clay, Natural colors",18.5,15.5,12.0,0.6,"Mandla, Madhya Pradesh",Festive,8,14,100,327.84,1728,3409
CRAFT-1728,Woodcraft & carving,"Teak wood, Sal wood, Natural polish",57.4,34.2,31.4,1.24,"Mandla, Madhya Pradesh",Festive,9,30,120,983.5,4584,9538
CRAFT-1729,Terracotta clay,"Natural clay, Natural colors",23.0,26.1,33.8,2.25,"Kondagaon, Chhattisgarh",Festive,7,10,100,363.98,1364,3140
CRAFT-1730,Woodcraft & carving,"Teak wood, Sal wood, Natural polish",46.9,34.6,56.3,9.66,"Dumka, Jharkhand",Festive,6,24,75,708.96,2509,5101
CRAFT-1731,Dokra bell metal,"Brass, Bell metal, Beeswax",12.1,9.2,22.1,4.0,"Mandla, Madhya Pradesh",Wedding,8,28,120,365.96,3726,7814
CRAFT-1732,Woodcraft & carving,"Teak wood, Sal wood, Natural polish",26.6,16.2,32.0,5.59,"Dumka, Jharkhand",Festive,4,32,100,458.79,3659,6513
CRAFT-1733,Terracotta clay,"Natural clay, Natural colors",39.0,38.3,26.7,3.07,"Kondagaon, Chhattisgarh",Festive,8,15,100,371.07,1871,3584
CRAFT-1734,Bamboo & cane,"Bamboo, Cane, Natural fibers",66.7,47.9,8.2,0.65,"Dumka, Jharkhand",Wedding,6,13,90,290.19,1460,3260
CRAFT-1735,Bamboo & cane,"Bamboo, Cane, Natural fibers",61.3,49.8,15.1,1.71,"Mandla, Madhya Pradesh",Monsoon,5,2,90,183.33,363,565
CRAFT-1736,Terracotta clay,"Natural clay, Natural colors",15.1,39.3,52.7,2.74,"Mandla, Madhya Pradesh",Festive,3,10,120,273.04,1473,2731
CRAFT-1737,Woodcraft & carving,"Teak wood, Sal wood, Natural polish",61.2,49.6,40.6,4.34,"Bastar, Chhattisgarh",Festive,5,50,75,972.15,4722,8781
CRAFT-1738,Tribal handloom,"Cotton, Silk, Organic dyes",157.7,74.3,0.3,1.24,"Bastar, Chhattisgarh",Off-season,9,73,100,1416.76,8717,15795
CRAFT-1739,Bamboo & cane,"Bamboo, Cane, Natural fibers",66.7,19.5,12.9,1.61,"Kondagaon, Chhattisgarh",Festive,5,13,90,115.21,1285,2361
CRAFT-1740,Bamboo & cane,"Bamboo, Cane, Natural fibers",55.4,30.4,20.6,2.91,"Bastar, Chhattisgarh",Festive,2,4,90,192.8,553,1029
CRAFT-1741,Woodcraft & carving,"Teak wood, Sal wood, Natural polish",89.4,33.3,45.9,4.35,"Bastar, Chhattisgarh",Off-season,6,36,100,292.45,3892,6167
CRAFT-1742,Tribal handloom,"Cotton, Silk, Organic dyes",159.2,110.7,0.2,1.46,"Dumka, Jharkhand",Monsoon,7,21,100,2412.09,4512,7805
CRAFT-1743,Bamboo & cane,"Bamboo, Cane, Natural fibers",77.7,27.7,16.2,1.67,"Bastar, Chhattisgarh",Festive,7,11,60,221.94,882,1747
CRAFT-1744,Bamboo & cane,"Bamboo, Cane, Natural fibers",61.6,12.1,6.7,1.28,"Mandla, Madhya Pradesh",Festive,4,14,90,138.37,1398,2266
CRAFT-1745,Woodcraft & carving,"Teak wood, Sal wood, Natural polish",35.4,22.4,58.7,4.7,"Bastar, Chhattisgarh",Wedding,7,34,100,644.71,4045,8605
CRAFT-1746,Bamboo & cane,"Bamboo, Cane, Natural fibers",78.8,19.7,28.8,2.2,"Dumka, Jharkhand",Off-season,6,5,75,201.83,577,875
CRAFT-1747,Tribal handloom,"Cotton, Silk, Organic dyes",189.4,101.8,0.2,1.31,"Mandla, Madhya Pradesh",Off-season,7,63,90,463.74,6134,11612
CRAFT-1748,Bamboo & cane,"Bamboo, Cane, Natural fibers",42.2,18.7,9.7,2.87,"Kondagaon, Chhattisgarh",Festive,2,2,120,68.17,308,527
CRAFT-1749,Woodcraft & carving,"Teak wood, Sal wood, Natural polish",63.6,15.0,24.5,3.15,"Dumka, Jharkhand",Festive,6,23,90,413.54,2484,4569
CRAFT-1750,Terracotta clay,"Natural clay, Natural colors",31.1,16.5,28.3,2.26,"Dumka, Jharkhand",Off-season,4,10,75,392.47,1142,1883
CRAFT-1751,Woodcraft & carving,"Teak wood, Sal wood, Natural polish",25.4,22.7,23.3,5.55,"Mandla, Madhya Pradesh",Off-season,4,21,120,977.73,3498,6061
CRAFT-1752,Bamboo & cane,"Bamboo, Cane, Natural fibers",69.1,24.4,29.1,1.08,"Dumka, Jharkhand",Festive,4,12,60,65.23,785,1527
CRAFT-1753,Dokra bell metal,"Brass, Bell metal, Beeswax",13.2,15.4,33.0,1.56,"Bastar, Chhattisgarh",Off-season,10,46,90,1273.95,5414,10068
CRAFT-1754,Dokra bell metal,"Brass, Bell metal, Beeswax",16.2,15.9,30.8,3.96,"Kondagaon, Chhattisgarh",Off-season,6,33,120,570.19,4530,8203
CRAFT-1755,Bamboo & cane,"Bamboo, Cane, Natural fibers",20.9,40.1,24.9,0.97,"Kondagaon, Chhattisgarh",Wedding,5,9,90,168.61,979,1863
CRAFT-1756,Woodcraft & carving,"Teak wood, Sal wood, Natural polish",66.3,45.6,38.5,6.69,"Mandla, Madhya Pradesh",Off-season,8,46,90,718.75,4859,8030
CRAFT-1757,Dokra bell metal,"Brass, Bell metal, Beeswax",12.8,7.7,25.1,1.63,"Dumka, Jharkhand",Off-season,6,35,75,609.73,3235,4998
CRAFT-1758,Terracotta clay,"Natural clay, Natural colors",14.0,37.8,53.4,3.68,"Dumka, Jharkhand",Wedding,5,9,90,113.99,924,1957
CRAFT-1759,Tribal handloom,"Cotton, Silk, Organic dyes",117.1,95.1,0.4,0.99,"Dumka, Jharkhand",Monsoon,7,69,90,1757.46,7967,14338
CRAFT-1760,Tribal handloom,"Cotton, Silk, Organic dyes",179.3,52.4,0.4,0.4,"Bastar, Chhattisgarh",Off-season,9,25,90,1313.53,3564,6087
CRAFT-1761,Terracotta clay,"Natural clay, Natural colors",30.7,33.9,18.2,0.97,"Kondagaon, Chhattisgarh",Wedding,8,7,60,126.56,547,1293
CRAFT-1762,Bamboo & cane,"Bamboo, Cane, Natural fibers",47.0,28.7,8.7,2.02,"Bastar, Chhattisgarh",Monsoon,6,5,60,267.0,567,987
CRAFT-1763,Woodcraft & carving,"Teak wood, Sal wood, Natural polish",29.0,12.0,22.9,2.22,"Mandla, Madhya Pradesh",Monsoon,9,19,90,460.05,2170,4037
CRAFT-1764,Tribal handloom,"Cotton, Silk, Organic dyes",241.4,92.7,0.4,1.15,"Kondagaon, Chhattisgarh",Wedding,6,49,120,636.26,6516,14420
CRAFT-1765,Woodcraft & carving,"Teak wood, Sal wood, Natural polish",47.3,49.9,23.2,3.51,"Bastar, Chhattisgarh",Monsoon,6,42,60,1130.67,3651,5204
CRAFT-1766,Terracotta clay,"Natural clay, Natural colors",30.9,31.8,51.8,4.88,"Kondagaon, Chhattisgarh",Off-season,6,10,75,392.19,1142,1805
CRAFT-1767,Woodcraft & carving,"Teak wood, Sal wood, Natural polish",71.8,15.1,42.5,9.84,"Kondagaon, Chhattisgarh",Monsoon,6,12,75,1111.82,2012,3539
CRAFT-1768,Tribal handloom,"Cotton, Silk, Organic dyes",106.0,75.4,0.4,1.14,"Kondagaon, Chhattisgarh",Festive,7,43,75,1364.62,4590,8340
CRAFT-1769,Bamboo & cane,"Bamboo, Cane, Natural fibers",75.0,35.6,15.9,1.67,"Kondagaon, Chhattisgarh",Wedding,5,9,100,66.51,967,1805
CRAFT-1770,Bamboo & cane,"Bamboo, Cane, Natural fibers",35.2,29.1,17.4,2.11,"Bastar, Chhattisgarh",Wedding,2,13,120,215.56,1776,3035
CRAFT-1771,Dokra bell metal,"Brass, Bell metal, Beeswax",8.1,14.8,11.2,2.59,"Mandla, Madhya Pradesh",Off-season,9,56,100,1343.64,6944,13313
CRAFT-1772,Dokra bell metal,"Brass, Bell metal, Beeswax",16.2,11.9,12.3,2.85,"Bastar, Chhattisgarh",Wedding,9,29,120,1285.51,4766,10829
CRAFT-1773,Tribal handloom,"Cotton, Silk, Organic dyes",231.6,67.0,0.3,0.53,"Mandla, Madhya Pradesh",Wedding,8,70,100,613.95,7614,17751
CRAFT-1774,Woodcraft & carving,"Teak wood, Sal wood, Natural polish",85.6,40.4,12.4,8.59,"Bastar, Chhattisgarh",Off-season,7,20,75,638.04,2138,3474
CRAFT-1775,Bamboo & cane,"Bamboo, Cane, Natural fibers",63.0,33.3,11.5,0.73,"Mandla, Madhya Pradesh",Off-season,3,4,75,96.06,396,543
CRAFT-1776,Dokra bell metal,"Brass, Bell metal, Beeswax",19.7,17.6,10.5,0.67,"Bastar, Chhattisgarh",Off-season,9,36,60,987.32,3147,5947
CRAFT-1777,Tribal handloom,"Cotton, Silk, Organic dyes",189.5,69.2,0.1,1.18,"Dumka, Jharkhand",Monsoon,6,57,75,1713.86,5989,9599
CRAFT-1778,Tribal handloom,"Cotton, Silk, Organic dyes",211.3,97.3,0.2,0.72,"Bastar, Chhattisgarh",Off-season,5,28,120,664.83,4025,6313
CRAFT-1779,Woodcraft & carving,"Teak wood, Sal wood, Natural polish",97.0,35.1,19.2,1.95,"Kondagaon, Chhattisgarh",Off-season,9,42,60,1012.85,3533,6905
CRAFT-1780,Woodcraft & carving,"Teak wood, Sal wood, Natural polish",69.5,41.3,45.2,8.51,"Kondagaon, Chhattisgarh",Festive,5,26,75,256.21,2206,4411
CRAFT-1781,Woodcraft & carving,"Teak wood, Sal wood, Natural polish",71.2,22.6,57.9,1.3,"Dumka, Jharkhand",Festive,9,28,60,779.79,2460,5389
CRAFT-1782,Terracotta clay,"Natural clay, Natural colors",31.4,15.3,21.8,2.72,"Dumka, Jharkhand",Monsoon,6,10,75,372.75,1123,1826
CRAFT-1783,Tribal handloom,"Cotton, Silk, Organic dyes",175.1,113.8,0.2,1.08,"Kondagaon, Chhattisgarh",Off-season,9,62,120,889.05,8329,14199
CRAFT-1784,Dokra bell metal,"Brass, Bell metal, Beeswax",22.1,13.9,32.6,1.58,"Kondagaon, Chhattisgarh",Wedding,9,53,120,837.57,7198,15207
CRAFT-1785,Bamboo & cane,"Bamboo, Cane, Natural fibers",49.5,20.1,37.0,0.94,"Kondagaon, Chhattisgarh",Monsoon,5,4,60,273.95,514,717
CRAFT-1786,Bamboo & cane,"Bamboo, Cane, Natural fibers",56.0,46.3,10.9,2.91,"Kondagaon, Chhattisgarh",Monsoon,3,11,60,163.22,823,1260
CRAFT-1787,Terracotta clay,"Natural clay, Natural colors",15.6,19.1,14.7,1.15,"Dumka, Jharkhand",Festive,7,8,60,113.49,593,1296
CRAFT-1788,Tribal handloom,"Cotton, Silk, Organic dyes",219.3,59.9,0.2,1.07,"Kondagaon, Chhattisgarh",Festive,8,53,100,814.08,6114,11980
CRAFT-1789,Dokra bell metal,"Brass, Bell metal, Beeswax",21.4,13.1,30.3,2.89,"Bastar, Chhattisgarh",Monsoon,7,45,100,1054.48,5554,9791
CRAFT-1790,Dokra bell metal,"Brass, Bell metal, Beeswax",6.0,11.8,36.7,2.49,"Bastar, Chhattisgarh",Monsoon,7,31,100,1298.87,4399,8691
CRAFT-1791,Terracotta clay,"Natural clay, Natural colors",30.2,39.4,59.3,3.59,"Bastar, Chhattisgarh",Wedding,7,18,90,157.96,1778,3794
CRAFT-1792,Terracotta clay,"Natural clay, Natural colors",13.2,33.4,55.5,2.22,"Bastar, Chhattisgarh",Festive,7,8,120,281.8,1242,2344
CRAFT-1793,Bamboo & cane,"Bamboo, Cane, Natural fibers",63.3,47.4,37.9,0.69,"Dumka, Jharkhand",Off-season,7,14,90,268.69,1529,2726
CRAFT-1794,Tribal handloom,"Cotton, Silk, Organic dyes",137.9,54.7,0.2,1.39,"Mandla, Madhya Pradesh",Festive,6,47,120,1729.68,7370,16287
CRAFT-1795,Dokra bell metal,"Brass, Bell metal, Beeswax",5.7,10.6,28.8,1.01,"Mandla, Madhya Pradesh",Monsoon,10,38,120,1287.6,5848,10277
CRAFT-1796,Dokra bell metal,"Brass, Bell metal, Beeswax",21.3,11.1,27.9,0.88,"Dumka, Jharkhand",Off-season,9,50,120,320.3,6320,13400
CRAFT-1797,Tribal handloom,"Cotton, Silk, Organic dyes",249.9,64.8,0.2,1.1,"Kondagaon, Chhattisgarh",Wedding,9,55,100,2427.44,7927,18869
CRAFT-1798,Dokra bell metal,"Brass, Bell metal, Beeswax",17.6,16.9,14.1,3.92,"Mandla, Madhya Pradesh",Wedding,9,23,60,1457.22,2837,5807
CRAFT-1799,Terracotta clay,"Natural clay, Natural colors",18.2,34.5,28.9,0.9,"Dumka, Jharkhand",Off-season,3,11,120,189.51,1510,2437
CRAFT-1800,Tribal handloom,"Cotton, Silk, Organic dyes",194.5,79.1,0.2,1.48,"Mandla, Madhya Pradesh",Festive,6,44,60,2123.78,4764,9336
CRAFT-1801,Bamboo & cane,"Bamboo, Cane, Natural fibers",75.0,29.9,34.5,1.45,"Kondagaon, Chhattisgarh",Monsoon,6,8,60,227.15,707,1189
CRAFT-1802,Bamboo & cane,"Bamboo, Cane, Natural fibers",22.2,24.4,27.3,0.4,"Mandla, Madhya Pradesh",Off-season,4,3,120,140.39,500,786
CRAFT-1803,Bamboo & cane,"Bamboo, Cane, Natural fibers",67.1,27.3,32.9,1.87,"Dumka, Jharkhand",Monsoon,6,12,120,271.65,1712,2863
CRAFT-1804,Dokra bell metal,"Brass, Bell metal, Beeswax",20.1,14.5,22.5,1.01,"Bastar, Chhattisgarh",Off-season,9,43,60,412.27,2992,5007
CRAFT-1805,Terracotta clay,"Natural clay, Natural colors",16.3,32.1,26.0,2.78,"Mandla, Madhya Pradesh",Off-season,3,12,120,132.0,1572,2629
CRAFT-1806,Terracotta clay,"Natural clay, Natural colors",35.5,35.9,30.3,3.93,"Bastar, Chhattisgarh",Wedding,4,5,75,126.04,501,848
CRAFT-1807,Bamboo & cane,"Bamboo, Cane, Natural fibers",41.9,30.7,5.3,1.38,"Mandla, Madhya Pradesh",Monsoon,4,12,100,229.52,1430,2170
CRAFT-1808,Tribal handloom,"Cotton, Silk, Organic dyes",209.8,66.3,0.4,1.01,"Kondagaon, Chhattisgarh",Festive,5,78,60,842.6,5523,10761
CRAFT-1809,Woodcraft & carving,"Teak wood, Sal wood, Natural polish",53.3,20.3,53.4,7.02,"Mandla, Madhya Pradesh",Wedding,6,27,75,648.09,2673,5523
CRAFT-1810,Woodcraft & carving,"Teak wood, Sal wood, Natural polish",36.3,35.1,27.9,9.96,"Kondagaon, Chhattisgarh",Monsoon,7,46,60,680.18,3440,6265
CRAFT-1811,Dokra bell metal,"Brass, Bell metal, Beeswax",25.0,11.8,31.6,2.55,"Kondagaon, Chhattisgarh",Monsoon,10,21,120,890.84,3411,6282
CRAFT-1812,Bamboo & cane,"Bamboo, Cane, Natural fibers",42.5,19.8,37.0,1.14,"Mandla, Madhya Pradesh",Wedding,2,14,120,288.07,1968,3520
CRAFT-1813,Dokra bell metal,"Brass, Bell metal, Beeswax",8.2,10.6,13.0,2.68,"Mandla, Madhya Pradesh",Monsoon,9,51,100,836.25,5936,13085
CRAFT-1814,Terracotta clay,"Natural clay, Natural colors",16.6,14.9,30.3,4.67,"Mandla, Madhya Pradesh",Monsoon,8,19,120,307.33,2587,4435
CRAFT-1815,Bamboo & cane,"Bamboo, Cane, Natural fibers",78.9,36.7,15.0,1.84,"Dumka, Jharkhand",Festive,4,3,100,77.37,377,773
CRAFT-1816,Terracotta clay,"Natural clay, Natural colors",15.2,29.4,22.3,3.73,"Kondagaon, Chhattisgarh",Wedding,6,16,120,328.58,2249,4921
CRAFT-1817,Woodcraft & carving,"Teak wood, Sal wood, Natural polish",26.3,23.2,22.4,9.89,"Bastar, Chhattisgarh",Wedding,5,28,60,589.39,2269,4689
CRAFT-1818,Tribal handloom,"Cotton, Silk, Organic dyes",202.7,64.8,0.2,0.64,"Mandla, Madhya Pradesh",Festive,9,79,75,1263.37,7188,15332
CRAFT-1819,Tribal handloom,"Cotton, Silk, Organic dyes",150.8,50.5,0.4,1.29,"Mandla, Madhya Pradesh",Wedding,6,77,120,707.88,9948,19030
CRAFT-1820,Dokra bell metal,"Brass, Bell metal, Beeswax",24.8,14.2,11.3,2.68,"Kondagaon, Chhattisgarh",Off-season,9,27,75,670.7,2696,5113
CRAFT-1821,Terracotta clay,"Natural clay, Natural colors",22.0,38.4,30.3,3.97,"Mandla, Madhya Pradesh",Off-season,4,11,75,234.84,1060,1837
CRAFT-1822,Woodcraft & carving,"Teak wood, Sal wood, Natural polish",92.6,13.5,56.8,8.43,"Mandla, Madhya Pradesh",Off-season,4,17,60,991.31,2011,3010
CRAFT-1823,Tribal handloom,"Cotton, Silk, Organic dyes",143.4,116.7,0.1,0.48,"Bastar, Chhattisgarh",Festive,8,43,120,1528.92,6689,15095
CRAFT-1824,Dokra bell metal,"Brass, Bell metal, Beeswax",21.1,5.3,38.8,0.66,"Dumka, Jharkhand",Wedding,9,26,120,471.67,3592,7600
CRAFT-1825,Dokra bell metal,"Brass, Bell metal, Beeswax",21.6,17.3,10.4,2.4,"Dumka, Jharkhand",Off-season,10,23,60,851.48,2231,4374
CRAFT-1826,Woodcraft & carving,"Teak wood, Sal wood, Natural polish",25.8,37.4,35.2,7.89,"Dumka, Jharkhand",Monsoon,8,12,120,685.29,2125,3409
CRAFT-1827,Dokra bell metal,"Brass, Bell metal, Beeswax",26.8,14.2,14.7,3.87,"Dumka, Jharkhand",Off-season,9,22,120,922.04,3562,6286
CRAFT-1828,Tribal handloom,"Cotton, Silk, Organic dyes",194.0,67.7,0.4,1.28,"Mandla, Madhya Pradesh",Festive,5,63,75,2455.79,7181,15132
CRAFT-1829,Tribal handloom,"Cotton, Silk, Organic dyes",119.9,88.3,0.3,0.41,"Bastar, Chhattisgarh",Wedding,7,59,90,1277.77,6588,14642
CRAFT-1830,Terracotta clay,"Natural clay, Natural colors",35.7,13.0,14.5,1.68,"Mandla, Madhya Pradesh",Off-season,5,20,120,359.93,2760,4041
CRAFT-1831,Dokra bell metal,"Brass, Bell metal, Beeswax",20.6,10.3,33.7,1.32,"Mandla, Madhya Pradesh",Off-season,9,42,75,1067.04,4217,7640
CRAFT-1832,Tribal handloom,"Cotton, Silk, Organic dyes",207.0,111.2,0.2,1.34,"Mandla, Madhya Pradesh",Wedding,8,37,100,1646.51,5347,10167
CRAFT-1833,Terracotta clay,"Natural clay, Natural colors",31.0,32.8,15.3,2.78,"Kondagaon, Chhattisgarh",Off-season,3,13,75,340.68,1316,2112
CRAFT-1834,Woodcraft & carving,"Teak wood, Sal wood, Natural polish",61.1,48.0,36.8,4.55,"Dumka, Jharkhand",Monsoon,5,19,75,1048.2,2473,3793
CRAFT-1835,Tribal handloom,"Cotton, Silk, Organic dyes",227.0,108.2,0.3,0.7,"Bastar, Chhattisgarh",Off-season,8,51,75,1433.05,5258,8167
CRAFT-1836,Woodcraft & carving,"Teak wood, Sal wood, Natural polish",39.1,41.8,34.3,4.01,"Mandla, Madhya Pradesh",Monsoon,6,26,120,306.82,3427,5458
CRAFT-1837,Woodcraft & carving,"Teak wood, Sal wood, Natural polish",33.5,28.4,25.4,1.32,"Bastar, Chhattisgarh",Monsoon,4,20,60,523.15,1723,2748
CRAFT-1838,Terracotta clay,"Natural clay, Natural colors",26.6,20.7,32.4,4.84,"Mandla, Madhya Pradesh",Monsoon,8,8,100,200.75,1001,1710
CRAFT-1839,Dokra bell metal,"Brass, Bell metal, Beeswax",24.0,8.1,31.3,0.57,"Mandla, Madhya Pradesh",Wedding,8,50,120,802.72,6803,14426
CRAFT-1840,Dokra bell metal,"Brass, Bell metal, Beeswax",13.5,13.5,16.1,3.1,"Mandla, Madhya Pradesh",Festive,9,22,90,362.73,2343,5760
CRAFT-1841,Woodcraft & carving,"Teak wood, Sal wood, Natural polish",48.2,38.9,26.0,9.15,"Kondagaon, Chhattisgarh",Off-season,6,32,90,326.64,3207,5008
CRAFT-1842,Woodcraft & carving,"Teak wood, Sal wood, Natural polish",59.4,13.3,19.8,9.49,"Dumka, Jharkhand",Monsoon,4,34,120,1176.49,5256,8031
CRAFT-1843,Dokra bell metal,"Brass, Bell metal, Beeswax",11.7,15.5,29.8,3.96,"Dumka, Jharkhand",Off-season,7,55,90,618.06,5568,10511
CRAFT-1844,Tribal handloom,"Cotton, Silk, Organic dyes",107.8,58.0,0.1,1.5,"Dumka, Jharkhand",Festive,5,30,90,2084.77,4785,8922
CRAFT-1845,Terracotta clay,"Natural clay, Natural colors",14.5,18.5,28.8,3.9,"Mandla, Madhya Pradesh",Wedding,8,14,90,252.69,1513,3039
CRAFT-1846,Woodcraft & carving,"Teak wood, Sal wood, Natural polish",21.4,14.1,30.5,9.4,"Dumka, Jharkhand",Wedding,7,33,120,837.4,4797,9546
CRAFT-1847,Woodcraft & carving,"Teak wood, Sal wood, Natural polish",28.7,45.0,49.2,2.51,"Dumka, Jharkhand",Monsoon,5,21,60,712.26,1972,3112
CRAFT-1848,Terracotta clay,"Natural clay, Natural colors",28.8,38.4,39.0,2.93,"Kondagaon, Chhattisgarh",Wedding,8,7,75,96.1,621,1292
CRAFT-1849,Terracotta clay,"Natural clay, Natural colors",14.1,35.1,17.7,1.86,"Dumka, Jharkhand",Festive,3,7,100,159.67,860,1574
CRAFT-1850,Woodcraft & carving,"Teak wood, Sal wood, Natural polish",40.4,29.6,30.4,9.88,"Bastar, Chhattisgarh",Festive,7,43,60,255.93,2836,5586
CRAFT-1851,Bamboo & cane,"Bamboo, Cane, Natural fibers",13.8,43.5,22.9,1.68,"Mandla, Madhya Pradesh",Off-season,2,12,100,190.4,1390,1809
CRAFT-1852,Dokra bell metal,"Brass, Bell metal, Beeswax",9.9,9.8,27.8,1.24,"Kondagaon, Chhattisgarh",Off-season,8,43,75,439.6,3665,7048
CRAFT-1853,Terracotta clay,"Natural clay, Natural colors",14.1,14.4,44.9,3.39,"Kondagaon, Chhattisgarh",Festive,3,16,90,330.48,1770,3621
CRAFT-1854,Tribal handloom,"Cotton, Silk, Organic dyes",203.8,60.9,0.2,1.31,"Dumka, Jharkhand",Wedding,9,48,75,839.54,4440,8830
CRAFT-1855,Woodcraft & carving,"Teak wood, Sal wood, Natural polish",93.6,36.0,14.5,9.53,"Kondagaon, Chhattisgarh",Monsoon,9,50,120,458.56,6459,12726
CRAFT-1856,Tribal handloom,"Cotton, Silk, Organic dyes",160.3,53.6,0.3,0.45,"Mandla, Madhya Pradesh",Wedding,8,54,75,1242.04,5292,11589
CRAFT-1857,Bamboo & cane,"Bamboo, Cane, Natural fibers",20.7,24.7,18.1,0.62,"Dumka, Jharkhand",Wedding,4,8,90,249.61,970,1947
CRAFT-1858,Terracotta clay,"Natural clay, Natural colors",15.7,21.0,15.3,3.33,"Mandla, Madhya Pradesh",Festive,3,9,90,118.84,929,1781
CRAFT-1859,Dokra bell metal,"Brass, Bell metal, Beeswax",19.5,18.7,26.6,1.11,"Dumka, Jharkhand",Festive,9,45,90,754.44,4804,12383
CRAFT-1860,Bamboo & cane,"Bamboo, Cane, Natural fibers",55.1,36.0,35.3,2.7,"Dumka, Jharkhand",Wedding,6,5,60,279.95,580,1171
CRAFT-1861,Woodcraft & carving,"Teak wood, Sal wood, Natural polish",80.6,34.3,18.3,8.18,"Mandla, Madhya Pradesh",Off-season,7,45,100,920.11,5420,8858
CRAFT-1862,Tribal handloom,"Cotton, Silk, Organic dyes",169.6,62.2,0.2,0.32,"Kondagaon, Chhattisgarh",Off-season,8,73,100,1240.69,8541,16903
CRAFT-1863,Terracotta clay,"Natural clay, Natural colors",35.1,16.5,16.0,4.33,"Mandla, Madhya Pradesh",Festive,6,12,120,130.12,1570,3683
CRAFT-1864,Woodcraft & carving,"Teak wood, Sal wood, Natural polish",87.4,30.0,59.1,1.88,"Mandla, Madhya Pradesh",Wedding,9,44,90,503.07,4463,10680
CRAFT-1865,Tribal handloom,"Cotton, Silk, Organic dyes",109.8,88.5,0.3,1.08,"Kondagaon, Chhattisgarh",Festive,6,28,90,936.9,3457,6751
CRAFT-1866,Bamboo & cane,"Bamboo, Cane, Natural fibers",69.1,17.8,33.9,1.78,"Dumka, Jharkhand",Monsoon,4,13,120,240.55,1801,2977
CRAFT-1867,Tribal handloom,"Cotton, Silk, Organic dyes",230.2,80.2,0.5,0.84,"Kondagaon, Chhattisgarh",Wedding,5,29,60,699.85,2440,4330
CRAFT-1868,Woodcraft & carving,"Teak wood, Sal wood, Natural polish",96.1,22.8,53.4,8.93,"Bastar, Chhattisgarh",Off-season,4,28,90,550.19,3070,4184
CRAFT-1869,Terracotta clay,"Natural clay, Natural colors",33.5,23.3,34.3,4.0,"Dumka, Jharkhand",Festive,4,7,75,202.36,727,1421
CRAFT-1870,Bamboo & cane,"Bamboo, Cane, Natural fibers",36.3,24.7,23.4,2.46,"Dumka, Jharkhand",Off-season,4,8,90,140.44,860,1268
CRAFT-1871,Tribal handloom,"Cotton, Silk, Organic dyes",141.6,115.3,0.4,0.99,"Mandla, Madhya Pradesh",Monsoon,5,41,60,1760.21,4220,6488
CRAFT-1872,Terracotta clay,"Natural clay, Natural colors",28.5,25.3,37.3,2.12,"Bastar, Chhattisgarh",Wedding,6,7,120,106.07,946,1791
CRAFT-1873,Tribal handloom,"Cotton, Silk, Organic dyes",170.0,53.7,0.1,1.16,"Kondagaon, Chhattisgarh",Off-season,7,72,100,1530.0,8730,15783
CRAFT-1874,Bamboo & cane,"Bamboo, Cane, Natural fibers",27.0,39.8,10.9,0.73,"Bastar, Chhattisgarh",Off-season,5,14,100,165.18,1565,2524
CRAFT-1875,Terracotta clay,"Natural clay, Natural colors",29.5,34.7,30.9,0.83,"Bastar, Chhattisgarh",Off-season,6,8,120,167.57,1128,1956
CRAFT-1876,Terracotta clay,"Natural clay, Natural colors",27.9,31.3,10.4,2.83,"Dumka, Jharkhand",Monsoon,8,14,90,92.01,1352,2232
CRAFT-1877,Terracotta clay,"Natural clay, Natural colors",38.4,30.2,13.2,2.6,"Bastar, Chhattisgarh",Festive,5,20,90,156.88,1957,4180
CRAFT-1878,Terracotta clay,"Natural clay, Natural colors",23.7,27.5,27.8,1.24,"Mandla, Madhya Pradesh",Festive,8,11,60,241.19,901,1968
CRAFT-1879,Terracotta clay,"Natural clay, Natural colors",38.1,37.4,20.5,0.68,"Dumka, Jharkhand",Wedding,3,10,90,317.22,1217,2473
CRAFT-1880,Woodcraft & carving,"Teak wood, Sal wood, Natural polish",97.4,45.6,40.0,5.77,"Bastar, Chhattisgarh",Monsoon,5,10,60,227.84,828,1417
CRAFT-1881,Woodcraft & carving,"Teak wood, Sal wood, Natural polish",64.6,39.7,24.0,6.08,"Dumka, Jharkhand",Off-season,6,15,75,288.14,1413,2266
CRAFT-1882,Terracotta clay,"Natural clay, Natural colors",32.5,30.8,59.5,1.75,"Dumka, Jharkhand",Festive,8,15,60,239.42,1139,2539
CRAFT-1883,Bamboo & cane,"Bamboo, Cane, Natural fibers",57.9,45.3,12.1,2.65,"Mandla, Madhya Pradesh",Off-season,7,10,60,64.94,665,1246
CRAFT-1884,Terracotta clay,"Natural clay, Natural colors",19.9,19.4,35.6,4.73,"Dumka, Jharkhand",Off-season,5,16,100,95.29,1695,2632
CRAFT-1885,Terracotta clay,"Natural clay, Natural colors",16.0,22.7,29.3,4.62,"Bastar, Chhattisgarh",Monsoon,5,9,90,323.82,1134,1941
CRAFT-1886,Bamboo & cane,"Bamboo, Cane, Natural fibers",79.2,28.6,7.0,0.93,"Dumka, Jharkhand",Monsoon,6,6,120,159.02,879,1426
CRAFT-1887,Tribal handloom,"Cotton, Silk, Organic dyes",208.2,115.9,0.5,0.92,"Kondagaon, Chhattisgarh",Off-season,9,42,90,2026.77,5807,10220
CRAFT-1888,Tribal handloom,"Cotton, Silk, Organic dyes",182.9,58.0,0.2,0.94,"Mandla, Madhya Pradesh",Off-season,5,53,75,964.61,4940,7605
CRAFT-1889,Tribal handloom,"Cotton, Silk, Organic dyes",245.3,83.9,0.1,0.96,"Mandla, Madhya Pradesh",Wedding,9,43,100,2166.3,6466,17949
CRAFT-1890,Bamboo & cane,"Bamboo, Cane, Natural fibers",40.1,22.8,36.7,0.74,"Dumka, Jharkhand",Off-season,2,11,90,203.86,1194,1665
CRAFT-1891,Woodcraft & carving,"Teak wood, Sal wood, Natural polish",41.2,37.4,57.4,3.41,"Kondagaon, Chhattisgarh",Wedding,9,14,120,1011.47,2691,5451
CRAFT-1892,Tribal handloom,"Cotton, Silk, Organic dyes",180.7,54.9,0.5,1.22,"Kondagaon, Chhattisgarh",Monsoon,9,29,120,1781.69,5262,10692
CRAFT-1893,Dokra bell metal,"Brass, Bell metal, Beeswax",22.8,18.9,25.5,0.91,"Mandla, Madhya Pradesh",Monsoon,8,22,60,933.81,2254,3811
CRAFT-1894,Woodcraft & carving,"Teak wood, Sal wood, Natural polish",67.4,29.3,41.1,1.09,"Bastar, Chhattisgarh",Festive,5,21,60,394.84,1655,3199
CRAFT-1895,Terracotta clay,"Natural clay, Natural colors",22.7,31.4,40.2,1.85,"Bastar, Chhattisgarh",Monsoon,4,8,60,211.46,691,1044
CRAFT-1896,Woodcraft & carving,"Teak wood, Sal wood, Natural polish",97.3,15.2,28.6,1.23,"Dumka, Jharkhand",Monsoon,8,49,120,421.78,6302,11947
CRAFT-1897,Dokra bell metal,"Brass, Bell metal, Beeswax",7.1,17.1,33.1,3.7,"Bastar, Chhattisgarh",Wedding,7,53,60,1325.42,4505,9829
CRAFT-1898,Bamboo & cane,"Bamboo, Cane, Natural fibers",13.7,41.3,34.6,2.44,"Kondagaon, Chhattisgarh",Monsoon,2,9,60,177.12,717,994
CRAFT-1899,Dokra bell metal,"Brass, Bell metal, Beeswax",29.5,7.3,16.8,1.24,"Dumka, Jharkhand",Wedding,6,54,90,1251.05,6111,12040
CRAFT-1900,Woodcraft & carving,"Teak wood, Sal wood, Natural polish",25.3,49.9,11.2,8.52,"Bastar, Chhattisgarh",Festive,6,14,75,565.37,1615,3659
CRAFT-1901,Woodcraft & carving,"Teak wood, Sal wood, Natural polish",94.1,10.4,13.8,3.25,"Bastar, Chhattisgarh",Festive,9,24,120,869.32,3749,9196
CRAFT-1902,Tribal handloom,"Cotton, Silk, Organic dyes",169.0,92.5,0.2,1.27,"Kondagaon, Chhattisgarh",Off-season,9,62,75,2431.39,7081,12178
CRAFT-1903,Woodcraft & carving,"Teak wood, Sal wood, Natural polish",64.7,30.1,17.2,4.98,"Kondagaon, Chhattisgarh",Monsoon,9,16,120,534.1,2454,4643
CRAFT-1904,Dokra bell metal,"Brass, Bell metal, Beeswax",19.6,5.1,32.8,3.0,"Dumka, Jharkhand",Monsoon,6,25,75,739.54,2615,3869
CRAFT-1905,Woodcraft & carving,"Teak wood, Sal wood, Natural polish",34.7,33.1,17.7,4.21,"Dumka, Jharkhand",Wedding,9,20,120,897.01,3297,7122
CRAFT-1906,Woodcraft & carving,"Teak wood, Sal wood, Natural polish",50.9,26.8,38.1,1.05,"Dumka, Jharkhand",Wedding,6,45,90,278.51,4329,9551
CRAFT-1907,Dokra bell metal,"Brass, Bell metal, Beeswax",28.0,9.1,21.1,2.49,"Dumka, Jharkhand",Monsoon,8,53,75,1358.05,5333,10328
CRAFT-1908,Woodcraft & carving,"Teak wood, Sal wood, Natural polish",79.2,13.5,43.5,4.69,"Kondagaon, Chhattisgarh",Monsoon,8,26,90,670.7,3011,5124
CRAFT-1909,Tribal handloom,"Cotton, Silk, Organic dyes",168.1,71.1,0.3,1.33,"Dumka, Jharkhand",Monsoon,5,66,60,1972.9,5933,8930
CRAFT-1910,Dokra bell metal,"Brass, Bell metal, Beeswax",7.9,8.8,37.6,2.54,"Bastar, Chhattisgarh",Off-season,8,15,90,940.18,2290,4494
CRAFT-1911,Terracotta clay,"Natural clay, Natural colors",25.7,13.5,16.5,2.92,"Kondagaon, Chhattisgarh",Wedding,3,13,120,379.7,1940,3261
CRAFT-1912,Woodcraft & carving,"Teak wood, Sal wood, Natural polish",89.6,40.6,22.4,1.33,"Kondagaon, Chhattisgarh",Festive,4,39,90,301.85,3812,7270
CRAFT-1913,Terracotta clay,"Natural clay, Natural colors",25.1,31.8,15.7,2.33,"Kondagaon, Chhattisgarh",Wedding,5,12,75,235.22,1135,2098
CRAFT-1914,Dokra bell metal,"Brass, Bell metal, Beeswax",25.5,7.6,34.2,2.93,"Mandla, Madhya Pradesh",Festive,10,40,120,967.04,5767,13292
CRAFT-1915,Terracotta clay,"Natural clay, Natural colors",30.0,25.7,42.0,2.02,"Bastar, Chhattisgarh",Wedding,6,10,100,370.2,1370,2791
CRAFT-1916,Woodcraft & carving,"Teak wood, Sal wood, Natural polish",26.8,28.0,47.8,8.15,"Bastar, Chhattisgarh",Wedding,4,46,100,694.6,5295,10373
CRAFT-1917,Bamboo & cane,"Bamboo, Cane, Natural fibers",72.9,45.9,29.0,2.61,"Bastar, Chhattisgarh",Wedding,4,15,100,72.19,1572,2912
CRAFT-1918,Tribal handloom,"Cotton, Silk, Organic dyes",148.1,62.5,0.2,0.8,"Bastar, Chhattisgarh",Off-season,9,79,60,927.5,5668,10088
CRAFT-1919,Tribal handloom,"Cotton, Silk, Organic dyes",185.8,80.9,0.2,1.2,"Bastar, Chhattisgarh",Wedding,9,22,90,2276.37,4256,9748
CRAFT-1920,Woodcraft & carving,"Teak wood, Sal wood, Natural polish",46.6,39.8,17.6,2.17,"Kondagaon, Chhattisgarh",Wedding,8,24,75,545.63,2346,5075
CRAFT-1921,Bamboo & cane,"Bamboo, Cane, Natural fibers",48.9,31.1,27.9,0.85,"Dumka, Jharkhand",Monsoon,6,11,120,266.1,1586,2671
CRAFT-1922,Bamboo & cane,"Bamboo, Cane, Natural fibers",58.6,10.6,18.0,1.18,"Kondagaon, Chhattisgarh",Monsoon,4,14,100,185.87,1586,2190
CRAFT-1923,Terracotta clay,"Natural clay, Natural colors",30.3,34.1,38.1,3.83,"Kondagaon, Chhattisgarh",Wedding,3,20,120,291.8,2692,4845
CRAFT-1924,Bamboo & cane,"Bamboo, Cane, Natural fibers",66.6,21.8,25.0,2.29,"Dumka, Jharkhand",Wedding,2,8,120,144.74,1105,1941
CRAFT-1925,Tribal handloom,"Cotton, Silk, Organic dyes",239.5,88.2,0.4,1.38,"Kondagaon, Chhattisgarh",Off-season,8,55,75,606.95,4732,8082
CRAFT-1926,Tribal handloom,"Cotton, Silk, Organic dyes",206.3,107.7,0.4,0.8,"Dumka, Jharkhand",Off-season,9,59,120,587.61,7668,13732
CRAFT-1927,Terracotta clay,"Natural clay, Natural colors",33.2,12.3,51.4,2.42,"Kondagaon, Chhattisgarh",Festive,5,18,90,270.74,1891,3218
CRAFT-1928,Woodcraft & carving,"Teak wood, Sal wood, Natural polish",47.0,13.6,58.1,8.27,"Bastar, Chhattisgarh",Festive,9,36,100,659.63,4260,9015
CRAFT-1929,Dokra bell metal,"Brass, Bell metal, Beeswax",9.0,13.4,38.3,0.51,"Mandla, Madhya Pradesh",Off-season,8,37,120,585.75,5026,10218
CRAFT-1930,Bamboo & cane,"Bamboo, Cane, Natural fibers",22.0,14.5,25.0,2.61,"Mandla, Madhya Pradesh",Off-season,4,11,100,169.28,1269,2120
CRAFT-1931,Woodcraft & carving,"Teak wood, Sal wood, Natural polish",99.4,26.3,24.4,6.02,"Kondagaon, Chhattisgarh",Monsoon,4,24,75,504.31,2304,3333
CRAFT-1932,Dokra bell metal,"Brass, Bell metal, Beeswax",5.0,11.7,35.1,2.5,"Kondagaon, Chhattisgarh",Festive,6,18,75,1499.05,2849,5319
CRAFT-1933,Woodcraft & carving,"Teak wood, Sal wood, Natural polish",33.1,21.4,49.6,9.15,"Kondagaon, Chhattisgarh",Wedding,4,31,60,1175.09,3035,5243
CRAFT-1934,Dokra bell metal,"Brass, Bell metal, Beeswax",27.0,9.9,13.4,3.55,"Dumka, Jharkhand",Monsoon,6,36,75,1063.33,3763,5429
CRAFT-1935,Woodcraft & carving,"Teak wood, Sal wood, Natural polish",78.9,28.1,59.5,1.49,"Kondagaon, Chhattisgarh",Off-season,8,43,90,555.02,4425,7799
CRAFT-1936,Woodcraft & carving,"Teak wood, Sal wood, Natural polish",60.3,22.6,46.5,8.87,"Dumka, Jharkhand",Off-season,9,11,100,1138.72,2239,4515
CRAFT-1937,Woodcraft & carving,"Teak wood, Sal wood, Natural polish",86.1,22.1,29.9,3.85,"Bastar, Chhattisgarh",Wedding,5,13,90,667.39,1837,3628
CRAFT-1938,Terracotta clay,"Natural clay, Natural colors",38.8,19.4,14.9,2.87,"Mandla, Madhya Pradesh",Festive,6,5,60,98.27,398,738
CRAFT-1939,Tribal handloom,"Cotton, Silk, Organic dyes",165.0,106.0,0.4,0.81,"Mandla, Madhya Pradesh",Wedding,5,21,90,1100.78,2991,5197
CRAFT-1940,Tribal handloom,"Cotton, Silk, Organic dyes",216.1,53.6,0.1,1.25,"Kondagaon, Chhattisgarh",Monsoon,9,65,60,1402.01,5302,9456
CRAFT-1941,Dokra bell metal,"Brass, Bell metal, Beeswax",17.1,12.8,39.3,3.88,"Dumka, Jharkhand",Festive,7,27,120,558.32,3798,8811
CRAFT-1942,Tribal handloom,"Cotton, Silk, Organic dyes",129.6,64.9,0.4,0.79,"Bastar, Chhattisgarh",Festive,6,79,120,2356.24,11836,22959
CRAFT-1943,Dokra bell metal,"Brass, Bell metal, Beeswax",27.6,7.3,21.0,2.67,"Mandla, Madhya Pradesh",Monsoon,9,25,60,491.27,1991,4110
CRAFT-1944,Dokra bell metal,"Brass, Bell metal, Beeswax",27.9,7.5,13.6,0.8,"Mandla, Madhya Pradesh",Wedding,8,30,120,1391.33,4991,9552
CRAFT-1945,Dokra bell metal,"Brass, Bell metal, Beeswax",20.0,6.1,16.8,3.76,"Bastar, Chhattisgarh",Wedding,9,16,120,1390.09,3310,7048
CRAFT-1946,Dokra bell metal,"Brass, Bell metal, Beeswax",5.5,9.9,28.8,1.46,"Kondagaon, Chhattisgarh",Off-season,8,40,75,1391.5,4392,7430
CRAFT-1947,Bamboo & cane,"Bamboo, Cane, Natural fibers",37.5,17.2,25.2,2.88,"Dumka, Jharkhand",Off-season,5,5,120,175.77,776,1173
CRAFT-1948,Terracotta clay,"Natural clay, Natural colors",28.6,20.2,52.8,2.46,"Dumka, Jharkhand",Wedding,7,15,100,141.71,1642,3120
CRAFT-1949,Woodcraft & carving,"Teak wood, Sal wood, Natural polish",81.4,18.2,26.1,5.19,"Kondagaon, Chhattisgarh",Off-season,9,18,120,1143.2,3303,7060
CRAFT-1950,Woodcraft & carving,"Teak wood, Sal wood, Natural polish",36.5,24.3,17.5,5.59,"Kondagaon, Chhattisgarh",Off-season,6,43,75,660.58,3886,7030
CRAFT-1951,Tribal handloom,"Cotton, Silk, Organic dyes",173.8,112.7,0.4,0.3,"Kondagaon, Chhattisgarh",Off-season,7,24,120,1072.13,3952,7051
CRAFT-1952,Woodcraft & carving,"Teak wood, Sal wood, Natural polish",38.4,18.0,11.9,6.79,"Bastar, Chhattisgarh",Off-season,6,19,60,462.51,1603,2551
CRAFT-1953,Dokra bell metal,"Brass, Bell metal, Beeswax",26.3,12.2,22.5,3.92,"Dumka, Jharkhand",Monsoon,8,43,90,540.68,4411,7338
CRAFT-1954,Terracotta clay,"Natural clay, Natural colors",18.8,15.2,29.0,4.6,"Kondagaon, Chhattisgarh",Festive,4,10,60,276.91,877,1639
CRAFT-1955,Woodcraft & carving,"Teak wood, Sal wood, Natural polish",69.2,11.6,30.2,6.84,"Mandla, Madhya Pradesh",Off-season,8,24,75,898.07,2698,4691
CRAFT-1956,Bamboo & cane,"Bamboo, Cane, Natural fibers",32.4,13.7,19.9,0.56,"Mandla, Madhya Pradesh",Festive,7,14,100,286.91,1687,3728
CRAFT-1957,Terracotta clay,"Natural clay, Natural colors",24.9,19.3,50.6,4.4,"Dumka, Jharkhand",Wedding,4,17,100,295.36,1995,3270
CRAFT-1958,Tribal handloom,"Cotton, Silk, Organic dyes",184.9,103.4,0.2,0.57,"Kondagaon, Chhattisgarh",Off-season,6,34,60,2253.24,4293,6503
CRAFT-1959,Tribal handloom,"Cotton, Silk, Organic dyes",167.0,50.5,0.4,0.73,"Bastar, Chhattisgarh",Wedding,8,34,75,1535.61,4086,9995
CRAFT-1960,Terracotta clay,"Natural clay, Natural colors",31.1,38.7,36.6,2.3,"Bastar, Chhattisgarh",Off-season,6,20,90,385.19,2185,3663
CRAFT-1961,Tribal handloom,"Cotton, Silk, Organic dyes",226.4,75.4,0.4,0.86,"Kondagaon, Chhattisgarh",Monsoon,8,69,60,817.75,4958,9030
CRAFT-1962,Woodcraft & carving,"Teak wood, Sal wood, Natural polish",24.9,26.5,37.3,4.92,"Dumka, Jharkhand",Wedding,7,49,120,948.67,6829,15451
CRAFT-1963,Woodcraft & carving,"Teak wood, Sal wood, Natural polish",94.8,43.4,52.1,3.73,"Bastar, Chhattisgarh",Festive,7,39,60,629.45,2969,5787
CRAFT-1964,Terracotta clay,"Natural clay, Natural colors",14.7,10.9,57.3,1.58,"Dumka, Jharkhand",Festive,7,17,120,156.78,2197,4270
CRAFT-1965,Bamboo & cane,"Bamboo, Cane, Natural fibers",56.7,46.5,17.1,1.94,"Kondagaon, Chhattisgarh",Wedding,5,8,90,59.7,780,1477
CRAFT-1966,Dokra bell metal,"Brass, Bell metal, Beeswax",25.8,16.5,20.5,1.82,"Dumka, Jharkhand",Off-season,9,33,120,940.27,4900,8004
CRAFT-1967,Bamboo & cane,"Bamboo, Cane, Natural fibers",27.5,42.2,14.8,0.74,"Kondagaon, Chhattisgarh",Monsoon,7,9,60,176.07,716,1304
CRAFT-1968,Woodcraft & carving,"Teak wood, Sal wood, Natural polish",39.3,13.1,27.8,7.73,"Bastar, Chhattisgarh",Off-season,8,44,75,750.69,4051,7776
CRAFT-1969,Tribal handloom,"Cotton, Silk, Organic dyes",106.0,118.9,0.3,0.48,"Dumka, Jharkhand",Wedding,8,21,75,1800.09,3375,7935
CRAFT-1970,Tribal handloom,"Cotton, Silk, Organic dyes",187.9,91.1,0.3,1.3,"Kondagaon, Chhattisgarh",Monsoon,5,36,90,956.43,4196,7436
CRAFT-1971,Terracotta clay,"Natural clay, Natural colors",33.5,21.8,42.3,1.18,"Bastar, Chhattisgarh",Festive,3,19,90,378.45,2088,3745
CRAFT-1972,Bamboo & cane,"Bamboo, Cane, Natural fibers",61.1,10.8,12.2,1.56,"Dumka, Jharkhand",Off-season,5,10,100,269.56,1270,2071
CRAFT-1973,Bamboo & cane,"Bamboo, Cane, Natural fibers",44.3,14.8,33.1,0.89,"Kondagaon, Chhattisgarh",Wedding,6,15,75,274.9,1400,3191
CRAFT-1974,Terracotta clay,"Natural clay, Natural colors",38.3,25.6,43.9,4.0,"Kondagaon, Chhattisgarh",Off-season,8,6,100,121.92,722,1340
CRAFT-1975,Dokra bell metal,"Brass, Bell metal, Beeswax",8.9,7.7,21.0,2.01,"Mandla, Madhya Pradesh",Monsoon,8,55,75,1047.81,5173,8383
CRAFT-1976,Bamboo & cane,"Bamboo, Cane, Natural fibers",45.3,17.3,25.1,1.98,"Kondagaon, Chhattisgarh",Off-season,2,11,90,189.18,1179,1870
CRAFT-1977,Bamboo & cane,"Bamboo, Cane, Natural fibers",40.3,29.4,27.7,0.25,"Dumka, Jharkhand",Monsoon,5,10,60,213.5,814,1304
CRAFT-1978,Woodcraft & carving,"Teak wood, Sal wood, Natural polish",44.8,13.4,14.5,9.31,"Dumka, Jharkhand",Off-season,5,47,100,889.28,5589,8878
CRAFT-1979,Tribal handloom,"Cotton, Silk, Organic dyes",225.3,53.1,0.2,1.37,"Dumka, Jharkhand",Monsoon,5,58,120,419.25,7379,10293
CRAFT-1980,Bamboo & cane,"Bamboo, Cane, Natural fibers",77.1,34.5,14.2,0.39,"Kondagaon, Chhattisgarh",Wedding,6,12,120,57.05,1497,2850
CRAFT-1981,Terracotta clay,"Natural clay, Natural colors",31.6,37.5,30.4,1.36,"Bastar, Chhattisgarh",Off-season,4,6,90,245.48,785,1389
CRAFT-1982,Bamboo & cane,"Bamboo, Cane, Natural fibers",66.3,12.6,29.2,1.8,"Kondagaon, Chhattisgarh",Festive,7,11,120,276.87,1597,3270
CRAFT-1983,Dokra bell metal,"Brass, Bell metal, Beeswax",15.3,12.2,12.1,1.47,"Mandla, Madhya Pradesh",Festive,6,21,100,689.41,2789,6190
CRAFT-1984,Terracotta clay,"Natural clay, Natural colors",18.5,23.8,43.6,1.23,"Kondagaon, Chhattisgarh",Wedding,7,10,100,235.66,1236,2771
CRAFT-1985,Woodcraft & carving,"Teak wood, Sal wood, Natural polish",73.5,15.1,57.3,2.19,"Mandla, Madhya Pradesh",Festive,4,29,90,974.67,3585,6700
CRAFT-1986,Dokra bell metal,"Brass, Bell metal, Beeswax",28.3,15.8,32.6,1.27,"Dumka, Jharkhand",Festive,9,50,60,831.65,3832,8720
CRAFT-1987,Dokra bell metal,"Brass, Bell metal, Beeswax",29.1,18.4,18.1,3.38,"Dumka, Jharkhand",Off-season,6,59,90,921.99,6232,10573
CRAFT-1988,Dokra bell metal,"Brass, Bell metal, Beeswax",12.9,13.7,31.9,1.94,"Dumka, Jharkhand",Off-season,7,54,60,1055.06,4295,7769
CRAFT-1989,Bamboo & cane,"Bamboo, Cane, Natural fibers",70.2,28.3,14.2,0.88,"Bastar, Chhattisgarh",Monsoon,7,13,120,170.75,1731,3286
CRAFT-1990,Dokra bell metal,"Brass, Bell metal, Beeswax",14.5,16.2,12.9,2.17,"Dumka, Jharkhand",Wedding,8,48,120,1490.02,7250,16696
CRAFT-1991,Woodcraft & carving,"Teak wood, Sal wood, Natural polish",38.7,26.4,49.0,7.94,"Mandla, Madhya Pradesh",Off-season,8,46,100,428.1,5028,9190
CRAFT-1992,Woodcraft & carving,"Teak wood, Sal wood, Natural polish",67.4,25.2,35.1,6.45,"Dumka, Jharkhand",Monsoon,5,49,75,759.89,4435,6713
CRAFT-1993,Dokra bell metal,"Brass, Bell metal, Beeswax",25.3,13.1,13.9,3.18,"Kondagaon, Chhattisgarh",Festive,6,16,100,1418.93,3019,6677
CRAFT-1994,Bamboo & cane,"Bamboo, Cane, Natural fibers",35.8,15.4,23.1,0.52,"Kondagaon, Chhattisgarh",Monsoon,5,2,90,283.5,464,686
CRAFT-1995,Dokra bell metal,"Brass, Bell metal, Beeswax",14.6,16.9,23.7,1.1,"Kondagaon, Chhattisgarh",Festive,7,59,90,620.65,5931,11578
CRAFT-1996,Dokra bell metal,"Brass, Bell metal, Beeswax",8.7,14.2,27.0,3.0,"Bastar, Chhattisgarh",Wedding,8,47,120,1425.25,7065,16369
CRAFT-1997,Dokra bell metal,"Brass, Bell metal, Beeswax",27.4,19.6,35.8,0.89,"Bastar, Chhattisgarh",Festive,8,36,100,1436.91,5037,10428
CRAFT-1998,Woodcraft & carving,"Teak wood, Sal wood, Natural polish",20.7,27.7,12.3,5.89,"Bastar, Chhattisgarh",Off-season,5,31,90,538.55,3329,5642
CRAFT-1999,Tribal handloom,"Cotton, Silk, Organic dyes",199.3,80.4,0.4,1.39,"Dumka, Jharkhand",Festive,6,50,75,651.5,4402,9117
